Time [ms], Temperature1 [C], Temperature2 [C], Temperature3 [C], Pressure1 [kPa], Pressure2 [kPa], Battery Voltage [V], Thermistor1 [C], Thermistor2 [C], N2O_SOL_STATE, N2_SOL_STATE
0,0,0,0,0,0,0,0,0,0,0
0,0,0,0,0,0,0,0,0,0,0
0,0,0,0,-7.05,8.406,0,0,0,0,0
0,0,0,0,-6.42,-6.42,0,0,0,0,0
0,0,0,0,-6.756,-6.504,0,0,0,0,0
0,0,0,0,-6.756,-6.504,0,0,0,0,0
0,0,0,0,-6.462,-6.924,0,0,0,0,0
0,0,0,0,-5.286,-6.42,0,0,0,0,0
0,0,0,0,-6.63,-6.756,0,0,0,0,0
55,0,0,0,-6.462,-6.462,0,0,0,0,0
63,0,0,0,-6.294,-6.42,0,0,0,0,0
73,0,0,0,-6.504,-6.672,0,0,0,0,0
83,0,0,0,-5.874,-6.378,0,0,0,0,0
93,0,0,0,-6.378,-6.63,0,0,0,0,0
103,0,0,0,-5.832,-6.504,0,0,0,0,0
113,0,0,0,-6.126,-6.504,0,0,0,0,0
123,0,0,0,-5.748,-6.378,0,0,0,0,0
133,0,0,0,-6.42,-6.462,0,0,0,0,0
143,0,0,0,-5.79,-6.378,0,0,0,0,0
153,0,0,0,-6.378,-6.378,0,0,0,0,0
163,0,0,0,-5.832,-6.378,0,0,0,0,0
173,0,0,0,-6.084,-6.378,0,0,0,0,0
183,0,0,0,-5.412,-6.378,0,0,0,0,0
193,0,0,0,-6.336,-6.504,0,0,0,0,0
203,0,0,0,-5.79,-6.378,0,0,0,0,0
213,0,0,0,-6.378,-6.42,0,0,0,0,0
223,0,0,0,-5.79,-6.378,0,0,0,0,0
233,0,0,0,-6.462,-6.588,0,0,0,0,0
243,0,0,0,-5.832,-6.504,0,0,0,0,0
253,0,0,0,-6.378,-6.42,0,0,0,0,0
263,0,0,0,-6.294,-6.378,0,0,0,0,0
273,0,0,0,-6.42,-6.462,0,0,0,0,0
283,0,0,0,-6.084,-6.378,0,0,0,0,0
293,0,0,0,-6.378,-6.504,0,0,0,0,0
303,0,0,0,-5.79,-6.378,0,0,0,0,0
313,0,0,0,-6.294,-6.378,0,0,0,0,0
323,0,0,0,-6,-6.378,0,0,0,0,0
333,0,0,0,-6.588,-6.546,0,0,0,0,0
343,0,0,0,-6,-6.378,0,0,0,0,0
353,0,0,0,-6.168,-6.588,0,0,0,0,0
363,0,0,0,-5.286,-6.588,0,0,0,0,0
373,0,0,0,-6.126,-6.504,0,0,0,0,0
383,0,0,0,-5.496,-6.378,0,0,0,0,0
393,0,0,0,-5.958,-6.378,0,0,0,0,0
403,0,0,0,-5.916,-6.378,0,0,0,0,0
413,0,0,0,-5.958,-6.546,0,0,0,0,0
423,0,0,0,-5.58,-6.546,0,0,0,0,0
433,0,0,0,-6.042,-6.462,0,0,0,0,0
444,0,0,0,-5.79,-6.378,0,0,0,0,0
453,0,0,0,-6.294,-6.378,0,0,0,0,0
463,0,0,0,-5.706,-6.378,0,0,0,0,0
473,0,0,0,-6,-6.588,0,0,0,0,0
483,0,0,0,-5.748,-6.378,0,0,0,0,0
493,0,0,0,-6,-6.462,0,0,0,0,0
503,0,0,0,-5.538,-6.42,0,0,0,0,0
513,0,0,0,-6.042,-6.672,0,0,0,0,0
523,0,0,0,-5.958,-6.378,0,0,0,0,0
533,0,0,0,-6.084,-6.546,0,0,0,0,0
543,0,0,0,-5.496,-6.378,0,0,0,0,0
553,0,0,0,-5.664,-6.504,0,0,0,0,0
563,0,0,0,-5.706,-6.378,0,0,0,0,0
573,0,0,0,-6.378,-6.63,0,0,0,0,0
583,0,0,0,-5.622,-6.378,0,0,0,0,0
593,0,0,0,-5.958,-6.378,0,0,0,0,0
603,0,0,0,-5.79,-6.462,0,0,0,0,0
613,0,0,0,-6.294,-6.42,0,0,0,0,0
623,0,0,0,-6.336,-6.546,0,0,0,0,0
633,0,0,0,-6.084,-6.588,0,0,0,0,0
643,0,0,0,-6,-6.504,0,0,0,0,0
653,0,0,0,-6.378,-6.588,0,0,0,0,0
663,0,0,0,-5.916,-6.378,0,0,0,0,0
673,0,0,0,-6.336,-6.63,0,0,0,0,0
683,0,0,0,-6.126,-6.378,0,0,0,0,0
693,0,0,0,-6.336,-6.63,0,0,0,0,0
703,0,0,0,-5.496,-6.462,0,0,0,0,0
713,0,0,0,-6.21,-6.42,0,0,0,0,0
723,0,0,0,-5.454,-6.462,0,0,0,0,0
733,0,0,0,-5.538,-6.546,0,0,0,0,0
743,0,0,0,-5.034,-6.378,0,0,0,0,0
753,0,0,0,-5.664,-6.462,0,0,0,0,0
763,0,0,0,-5.58,-6.378,0,0,0,0,0
773,0,0,0,-5.916,-6.42,0,0,0,0,0
783,0,0,0,-5.916,-6.462,0,0,0,0,0
793,0,0,0,-6.168,-7.008,0,0,0,0,0
803,0,0,0,-5.244,-6.84,0,0,0,0,0
813,0,0,0,-6.126,-6.924,0,0,0,0,0
823,0,0,0,-6,-6.924,0,0,0,0,0
833,0,0,0,-6.336,-6.966,0,0,0,0,0
843,0,0,0,-6.252,-7.008,0,0,0,0,0
853,0,0,0,-6.378,-7.008,0,0,0,0,0
863,0,0,0,-6.084,-6.924,0,0,0,0,0
873,0,0,0,-6.462,-7.008,0,0,0,0,0
883,0,0,0,-6.21,-6.882,0,0,0,0,0
893,0,0,0,-6.294,-6.924,0,0,0,0,0
903,0,0,0,-5.664,-6.882,0,0,0,0,0
913,0,0,0,-5.58,-6.84,0,0,0,0,0
923,0,0,0,-5.034,-6.84,0,0,0,0,0
933,0,0,0,-5.958,-6.924,0,0,0,0,0
943,0,0,0,-5.748,-7.05,0,0,0,0,0
953,0,0,0,-6.378,-6.924,0,0,0,0,0
963,0,0,0,-5.832,-6.966,0,0,0,0,0
973,0,0,0,-6.252,-6.924,1.23299,743.59998,224.36,0,0
983,0,0,0,-6,-6.672,1.23299,743.59998,224.36,0,0
993,0,0,0,-6.378,-6.798,1.23299,743.59998,224.36,0,0
1003,0,0,0,-6.168,-6.882,1.23299,743.59998,224.36,0,0
1013,0,0,0,-6.504,-6.84,1.23299,743.59998,224.36,0,0
1023,0,0,0,-5.958,-6.924,1.23299,743.59998,224.36,0,0
1033,0,0,0,-5.958,-6.84,1.23299,743.59998,224.36,0,0
1043,0,0,0,-5.706,-6.882,1.23299,743.59998,224.36,0,0
1053,0,0,0,-6.21,-6.924,1.23299,743.59998,224.36,0,0
1063,0,0,0,-5.958,-6.966,1.23299,743.59998,224.36,0,0
1073,0,0,0,-6.294,-7.05,1.23299,743.59998,224.36,0,0
1083,0,0,0,-5.916,-7.05,1.23299,743.59998,224.36,0,0
1093,0,0,0,-6.336,-7.05,1.23299,743.59998,224.36,0,0
1103,0,0,0,-5.832,-6.966,1.23299,743.59998,224.36,0,0
1113,0,0,0,-6.252,-7.008,1.23299,743.59998,224.36,0,0
1123,0,0,0,-5.832,-6.84,1.23299,743.59998,224.36,0,0
1133,0,0,0,-5.79,-6.924,1.23299,743.59998,224.36,0,0
1143,0,0,0,-5.664,-6.924,1.23299,743.59998,224.36,0,0
1153,0,0,0,-6.252,-6.882,1.23299,743.59998,224.36,0,0
1163,0,0,0,-6.252,-7.05,1.23299,743.59998,224.36,0,0
1173,0,0,0,-6.378,-6.882,1.23299,743.59998,224.36,0,0
1183,0,0,0,-6.252,-6.84,1.23299,743.59998,224.36,0,0
1193,0,0,0,-6.336,-6.966,1.23299,743.59998,224.36,0,0
1203,0,0,0,-6,-6.924,1.23299,743.59998,224.36,0,0
1213,0,0,0,-6.42,-7.008,1.23299,743.59998,224.36,0,0
1223,0,0,0,-6.252,-6.966,1.23299,743.59998,224.36,0,0
1233,0,0,0,-6.378,-6.966,1.23299,743.59998,224.36,0,0
1243,0,0,0,-6.21,-7.008,1.23299,743.59998,224.36,0,0
1253,0,0,0,-6.378,-7.05,1.23299,743.59998,224.36,0,0
1263,0,0,0,-6.378,-7.05,1.23299,743.59998,224.36,0,0
1273,0,0,0,-6.378,-6.798,1.23299,743.59998,224.36,0,0
1283,0,0,0,-6.378,-7.008,1.23299,743.59998,224.36,0,0
1293,0,0,0,-6.462,-6.882,1.23299,743.59998,224.36,0,0
1303,0,0,0,-6.042,-6.966,1.23299,743.59998,224.36,1,0
1313,0,0,0,-6.084,-6.798,1.23299,743.59998,224.36,1,0
1323,0,0,0,-5.748,-6.588,1.23299,743.59998,224.36,1,0
1333,0,0,0,-6.21,-6.504,1.23299,743.59998,224.36,1,0
1343,0,0,0,-5.706,-6.588,1.23299,743.59998,224.36,1,0
1353,0,0,0,-6.336,-6.672,1.23299,743.59998,224.36,1,0
1363,0,0,0,-6.21,-6.798,1.23299,743.59998,224.36,1,0
1373,0,0,0,-6.378,-6.756,1.23299,743.59998,224.36,1,0
1383,0,0,0,-6.252,-6.588,1.23299,743.59998,224.36,1,0
1393,0,0,0,-6.378,-6.546,1.23299,743.59998,224.36,1,0
1403,0,0,0,-6.168,-6.63,1.23299,743.59998,224.36,1,0
1413,0,0,0,-6.42,-6.42,1.23299,743.59998,224.36,1,0
1423,0,0,0,-5.748,-6.63,1.23299,743.59998,224.36,1,0
1433,0,0,0,-5.706,-6.462,1.23299,743.59998,224.36,1,0
1443,0,0,0,-5.958,-6.588,1.23299,743.59998,224.36,1,0
1453,0,0,0,-6.462,-6.42,1.23299,743.59998,224.36,1,0
1463,0,0,0,-6.378,-6.588,1.23299,743.59998,224.36,1,0
1473,0,0,0,-6.126,-6.378,1.23299,743.59998,224.36,1,0
1483,0,0,0,-5.874,-6.504,1.23299,743.59998,224.36,1,0
1493,0,0,0,-6.126,-6.462,1.23299,743.59998,224.36,1,0
1503,0,0,0,-6.168,-6.63,1.23299,743.59998,224.36,1,0
1513,0,0,0,-6.336,-6.588,1.23299,743.59998,224.36,1,0
1523,0,0,0,-5.832,-7.05,1.23299,743.59998,224.36,1,0
1533,0,0,0,-6.336,-6.504,1.23299,743.59998,224.36,1,0
1543,0,0,0,-6.378,-6.672,1.23299,743.59998,224.36,1,0
1553,0,0,0,-6.504,-6.546,1.23299,743.59998,224.36,1,0
1563,0,0,0,-5.79,-6.378,1.23299,743.59998,224.36,1,0
1573,0,0,0,-6.126,-6.588,1.23299,743.59998,224.36,1,0
1583,0,0,0,-5.916,-6.756,1.23299,743.59998,224.36,1,0
1593,0,0,0,-6.294,-6.63,1.23299,743.59998,224.36,1,0
1603,0,0,0,-5.664,-6.798,1.23299,743.59998,224.36,1,0
1613,0,0,0,-6.252,-6.546,1.23299,743.59998,224.36,1,0
1623,0,0,0,-5.916,-6.672,1.23299,743.59998,224.36,1,0
1633,0,0,0,-5.874,-6.504,1.23299,743.59998,224.36,1,0
1643,0,0,0,-6,-6.672,1.23299,743.59998,224.36,1,0
1653,0,0,0,-5.622,-6.546,1.23299,743.59998,224.36,1,0
1663,0,0,0,-5.916,-6.84,1.23299,743.59998,224.36,1,0
1673,0,0,0,-5.958,-6.588,1.23299,743.59998,224.36,1,0
1683,0,0,0,-5.58,-6.63,1.23299,743.59998,224.36,1,0
1693,0,0,0,-5.916,-6.63,1.23299,743.59998,224.36,1,0
1703,0,0,0,-5.748,-6.756,1.23299,743.59998,224.36,1,0
1713,0,0,0,-5.958,-6.462,1.23299,743.59998,224.36,1,0
1723,0,0,0,-5.832,-6.588,1.23299,743.59998,224.36,1,0
1733,0,0,0,-6.336,-6.63,1.23299,743.59998,224.36,1,0
1743,0,0,0,-5.874,-6.672,1.23299,743.59998,224.36,1,0
1753,0,0,0,-5.454,-6.588,1.23299,743.59998,224.36,1,0
1763,0,0,0,-5.412,-6.714,1.23299,743.59998,224.36,1,0
1773,0,0,0,-5.706,-6.42,1.23299,743.59998,224.36,1,0
1783,0,0,0,-6,-6.63,1.23299,743.59998,224.36,1,0
1793,0,0,0,-6.252,-6.588,1.23299,743.59998,224.36,1,0
1803,0,0,0,-6.21,-6.798,1.23299,743.59998,224.36,1,0
1813,0,0,0,-6.462,-6.84,1.23299,743.59998,224.36,1,0
1823,0,0,0,-6.336,-7.05,1.23299,743.59998,224.36,1,0
1833,0,0,0,-6.336,-6.588,1.23299,743.59998,224.36,1,0
1843,0,0,0,-5.622,-6.756,1.23299,743.59998,224.36,1,0
1853,0,0,0,-5.916,-6.588,1.23299,743.59998,224.36,1,0
1863,0,0,0,-5.706,-6.672,1.23299,743.59998,224.36,1,0
1873,0,0,0,-6.336,-7.05,1.23299,743.59998,224.36,1,1
1883,0,0,0,-5.958,-7.05,1.23299,743.59998,224.36,1,1
1893,0,0,0,-6.126,-6.966,1.23299,743.59998,224.36,1,1
1903,0,0,0,-6.252,-7.05,1.23299,743.59998,224.36,1,1
1913,0,0,0,-6.378,-6.924,1.23299,743.59998,224.36,1,1
1923,0,0,0,-6.084,-7.008,1.23299,743.59998,224.36,1,1
1933,0,0,0,-6.546,-7.05,1.23299,743.59998,224.36,1,1
1943,0,0,0,-6.336,-7.05,1.23299,743.59998,224.36,1,1
1953,0,0,0,-6.63,-7.05,1.23299,743.59998,224.36,1,1
1963,0,0,0,-6.378,-7.05,1.23299,743.59998,224.36,1,1
1973,0,0,0,-6.588,-6.966,1.21599,846.29999,224.36,1,1
1983,0,0,0,-6.378,-6.966,1.21599,846.29999,224.36,1,1
1993,0,0,0,-6.462,-6.798,1.21599,846.29999,224.36,1,1
2003,0,0,0,-6,-7.05,1.21599,846.29999,224.36,1,1
2013,0,0,0,-6.21,-6.798,1.21599,846.29999,224.36,1,1
2023,0,0,0,-5.832,-6.966,1.21599,846.29999,224.36,1,1
2033,0,0,0,-6.168,-7.05,1.21599,846.29999,224.36,1,1
2043,0,0,0,-6.378,-7.008,1.21599,846.29999,224.36,1,1
2053,0,0,0,-6.252,-7.05,1.21599,846.29999,224.36,1,1
2063,0,0,0,-6.168,-7.05,1.21599,846.29999,224.36,1,1
2073,0,0,0,-6.336,-6.966,1.21599,846.29999,224.36,1,1
2083,0,0,0,-6.294,-7.05,1.21599,846.29999,224.36,1,1
2093,0,0,0,-6.294,-6.882,1.21599,846.29999,224.36,1,1
2103,0,0,0,-6,-6.924,1.21599,846.29999,224.36,1,1
2113,0,0,0,-6.42,-7.008,1.21599,846.29999,224.36,1,1
2123,0,0,0,-6.252,-6.966,1.21599,846.29999,224.36,1,1
2133,0,0,0,-6.378,-6.966,1.21599,846.29999,224.36,1,1
2143,0,0,0,-6.588,-7.05,1.21599,846.29999,224.36,1,1
2153,0,0,0,-6.378,-7.05,1.21599,846.29999,224.36,1,1
2163,0,0,0,-5.832,-6.966,1.21599,846.29999,224.36,1,1
2173,0,0,0,-6.252,-6.84,1.21599,846.29999,224.36,1,1
2183,0,0,0,-5.832,-6.966,1.21599,846.29999,224.36,1,1
2193,0,0,0,-6.336,-6.966,1.21599,846.29999,224.36,1,1
2203,0,0,0,-6.378,-7.05,1.21599,846.29999,224.36,1,1
2213,0,0,0,-6.84,-6.966,1.21599,846.29999,224.36,1,1
2223,0,0,0,-6.546,-6.798,1.21599,846.29999,224.36,1,1
2233,0,0,0,-6.378,-6.504,1.21599,846.29999,224.36,1,1
2243,0,0,0,-6.168,-6.588,1.21599,846.29999,224.36,1,1
2253,0,0,0,-6.378,-6.588,1.21599,846.29999,224.36,1,1
2263,0,0,0,-6.378,-6.798,1.21599,846.29999,224.36,1,1
2273,0,0,0,-6.504,-6.504,1.21599,846.29999,224.36,1,1
2283,0,0,0,-6.504,-6.714,1.21599,846.29999,224.36,1,1
2293,0,0,0,-6.672,-6.546,1.21599,846.29999,224.36,0,1
2303,0,0,0,-6.378,-6.756,1.21599,846.29999,224.36,0,1
2313,0,0,0,-6.378,-6.588,1.21599,846.29999,224.36,0,1
2323,0,0,0,-6.378,-6.84,1.21599,846.29999,224.36,0,1
2333,0,0,0,-6.378,-6.504,1.21599,846.29999,224.36,0,1
2343,0,0,0,-6.126,-7.008,1.21599,846.29999,224.36,0,1
2353,0,0,0,-6.336,-6.84,1.21599,846.29999,224.36,0,1
2363,0,0,0,-6.294,-7.05,1.21599,846.29999,224.36,0,1
2373,0,0,0,-6.21,-6.966,1.21599,846.29999,224.36,0,1
2383,0,0,0,-6.336,-7.008,1.21599,846.29999,224.36,0,1
2393,0,0,0,-6,-7.008,1.21599,846.29999,224.36,0,1
2403,0,0,0,-6.084,-7.008,1.21599,846.29999,224.36,0,1
2413,0,0,0,-6.168,-6.966,1.21599,846.29999,224.36,0,1
2423,0,0,0,-6.126,-6.84,1.21599,846.29999,224.36,0,1
2433,0,0,0,-6.126,-6.714,1.21599,846.29999,224.36,0,1
2443,0,0,0,-6.084,-6.756,1.21599,846.29999,224.36,0,1
2453,0,0,0,-6.252,-6.588,1.21599,846.29999,224.36,0,1
2463,0,0,0,-6.378,-6.714,1.21599,846.29999,224.36,0,1
2474,0,0,0,-6.336,-6.462,1.21599,846.29999,224.36,0,1
2484,0,0,0,-6.378,-6.588,1.21599,846.29999,224.36,0,1
2494,0,0,0,-6.588,-6.378,1.21599,846.29999,224.36,0,1
2503,0,0,0,-6.42,-6.924,1.21599,846.29999,224.36,0,1
2513,0,0,0,-6.504,-6.378,1.21599,846.29999,224.36,0,1
2523,0,0,0,-6.378,-6.378,1.21599,846.29999,224.36,0,1
2533,0,0,0,-6.378,-6.588,1.21599,846.29999,224.36,0,1
2543,0,0,0,-6.462,-6.672,1.21599,846.29999,224.36,0,1
2553,0,0,0,-6.588,-6.462,1.21599,846.29999,224.36,0,1
2564,0,0,0,-6.882,-6.546,1.21599,846.29999,224.36,0,1
2574,0,0,0,-6.672,-6.42,1.21599,846.29999,224.36,0,1
2585,0,0,0,-7.05,-6.756,1.21599,846.29999,224.36,0,1
2596,0,0,0,-6.168,-6.378,1.21599,846.29999,224.36,0,1
2606,0,0,0,-6.378,-6.504,1.21599,846.29999,224.36,0,1
2613,0,0,0,-6.882,-6.966,1.21599,846.29999,224.36,0,1
2623,0,0,0,-6.546,-6.924,1.21599,846.29999,224.36,0,1
2633,0,0,0,-6.168,-6.966,1.21599,846.29999,224.36,0,1
2644,0,0,0,-6.378,-6.966,1.21599,846.29999,224.36,0,1
2655,0,0,0,-6.672,-6.546,1.21599,846.29999,224.36,0,1
2665,0,0,0,-6.378,-6.966,1.21599,846.29999,224.36,0,1
2674,0,0,0,-6.378,-6.882,1.21599,846.29999,224.36,0,1
2683,0,0,0,-6.378,-7.05,1.21599,846.29999,224.36,0,1
2693,0,0,0,-6.378,-6.84,1.21599,846.29999,224.36,0,1
2703,0,0,0,-6.42,-7.05,1.21599,846.29999,224.36,0,1
2713,0,0,0,-6.336,-6.882,1.21599,846.29999,224.36,0,1
2723,0,0,0,-6.378,-7.008,1.21599,846.29999,224.36,0,1
2733,0,0,0,-6.126,-6.966,1.21599,846.29999,224.36,0,1
2743,0,0,0,-6.126,-7.008,1.21599,846.29999,224.36,0,1
2753,0,0,0,-5.916,-7.008,1.21599,846.29999,224.36,0,1
2763,0,0,0,-6.126,-7.008,1.21599,846.29999,224.36,0,1
2773,0,0,0,-6.168,-6.966,1.21599,846.29999,224.36,0,1
2783,0,0,0,-6.126,-7.008,1.21599,846.29999,224.36,0,1
2793,0,0,0,-6.252,-6.924,1.21599,846.29999,224.36,0,1
2803,0,0,0,-6.126,-7.05,1.21599,846.29999,224.36,0,1
2813,0,0,0,-6.042,-6.966,1.21599,846.29999,224.36,0,1
2823,0,0,0,-6.126,-7.05,1.21599,846.29999,224.36,0,1
2833,0,0,0,-6.336,-6.966,1.21599,846.29999,224.36,0,1
2843,0,0,0,-6.378,-7.05,1.21599,846.29999,224.36,0,1
2853,0,0,0,-6.378,-7.05,1.21599,846.29999,224.36,0,1
2863,0,0,0,-6.336,-7.05,1.21599,846.29999,224.36,0,1
2873,0,0,0,-6.378,-7.05,1.21599,846.29999,224.36,0,1
2883,0,0,0,-6.378,-7.05,1.21599,846.29999,224.36,0,1
2893,0,0,0,-6.294,-7.05,1.21599,846.29999,224.36,0,1
2903,0,0,0,-6.504,-7.05,1.21599,846.29999,224.36,0,1
2913,0,0,0,-6.504,-6.882,1.21599,846.29999,224.36,0,1
2923,0,0,0,-6.378,-7.05,1.21599,846.29999,224.36,0,1
2933,0,0,0,-6.378,-7.05,1.21599,846.29999,224.36,0,1
2943,0,0,0,-6.378,-7.05,1.21599,846.29999,224.36,0,1
2953,0,0,0,-6.504,-6.882,1.21599,846.29999,224.36,0,1
2963,0,0,0,-6.378,-6.966,1.21599,846.29999,224.36,0,1
2973,0,0,0,-6.294,-6.966,1.20748,839.79999,224.36,0,1
2983,0,0,0,-6.462,-6.798,1.20748,839.79999,224.36,0,1
2993,0,0,0,-6.126,-6.882,1.20748,839.79999,224.36,0,1
3003,0,0,0,-6.042,-6.966,1.20748,839.79999,224.36,0,1
3013,0,0,0,-5.916,-6.966,1.20748,839.79999,224.36,0,1
3023,0,0,0,-6.252,-6.882,1.20748,839.79999,224.36,0,1
3033,0,0,0,-6.336,-7.05,1.20748,839.79999,224.36,0,1
3043,0,0,0,-6.336,-7.05,1.20748,839.79999,224.36,0,1
3053,0,0,0,-6.378,-7.008,1.20748,839.79999,224.36,0,1
3063,0,0,0,-6.336,-7.008,1.20748,839.79999,224.36,0,1
3073,0,0,0,-6.63,-6.882,1.20748,839.79999,224.36,0,1
3083,0,0,0,-6.378,-7.05,1.20748,839.79999,224.36,0,1
3093,0,0,0,-6.42,-6.924,1.20748,839.79999,224.36,0,1
3103,0,0,0,-6.378,-7.05,1.20748,839.79999,224.36,0,1
3113,0,0,0,-6.378,-6.924,1.20748,839.79999,224.36,0,1
3123,0,0,0,-6.378,-6.924,1.20748,839.79999,224.36,0,1
3133,0,0,0,-6.21,-6.84,1.20748,839.79999,224.36,0,1
3143,0,0,0,-6.336,-7.05,1.20748,839.79999,224.36,0,1
3153,0,0,0,-6.378,-6.966,1.20748,839.79999,224.36,0,1
3163,0,0,0,-6.378,-6.966,1.20748,839.79999,224.36,0,1
3173,0,0,0,-6.294,-6.882,1.20748,839.79999,224.36,0,1
3183,0,0,0,-6.378,-6.84,1.20748,839.79999,224.36,0,1
3193,0,0,0,-6.378,-6.504,1.20748,839.79999,224.36,0,1
3203,0,0,0,-5.412,-6.84,1.20748,839.79999,224.36,0,1
3213,0,0,0,-5.034,-6.588,1.20748,839.79999,224.36,0,1
3223,0,0,0,-6.294,-6.798,1.20748,839.79999,224.36,0,1
3233,0,0,0,-6.336,-6.462,1.20748,839.79999,224.36,0,1
3243,0,0,0,-5.454,-6.504,1.20748,839.79999,224.36,0,1
3253,0,0,0,-5.706,-6.462,1.20748,839.79999,224.36,0,1
3263,0,0,0,-5.958,-6.672,1.20748,839.79999,224.36,0,1
3273,0,0,0,-6.168,-6.546,1.20748,839.79999,224.36,0,1
3283,0,0,0,-6.504,-6.756,1.20748,839.79999,224.36,0,1
3293,0,0,0,-6.672,-6.462,1.20748,839.79999,224.36,0,1
3303,0,0,0,-6.504,-6.588,1.20748,839.79999,224.36,0,1
3313,0,0,0,-6.378,-6.42,1.20748,839.79999,224.36,0,1
3323,0,0,0,-6.378,-7.05,1.20748,839.79999,224.36,0,1
3333,0,0,0,-6.588,-6.588,1.20748,839.79999,224.36,0,1
3343,0,0,0,-5.664,-6.714,1.20748,839.79999,224.36,0,1
3353,0,0,0,-4.362,-6.378,1.20748,839.79999,224.36,0,1
3363,0,0,0,-5.412,-6.588,1.20748,839.79999,224.36,0,1
3373,0,0,0,-6.084,-6.378,1.20748,839.79999,224.36,0,1
3383,0,0,0,-6.378,-6.756,1.20748,839.79999,224.36,0,1
3393,0,0,0,-6.126,-6.378,1.20748,839.79999,224.36,0,1
3403,0,0,0,-6.63,-6.84,1.20748,839.79999,224.36,0,1
3413,0,0,0,-6.42,-6.672,1.20748,839.79999,224.36,0,1
3423,0,0,0,-6.378,-6.714,1.20748,839.79999,224.36,0,1
3433,0,0,0,-6.378,-6.588,1.20748,839.79999,224.36,0,1
3443,0,0,0,-6.378,-6.63,1.20748,839.79999,224.36,0,1
3453,0,0,0,-6.084,-6.462,1.20748,839.79999,224.36,0,1
3463,0,0,0,-6.126,-6.882,1.20748,839.79999,224.36,0,1
3473,0,0,0,-6.168,-6.546,1.20748,839.79999,224.36,0,1
3483,0,0,0,-6.378,-6.924,1.20748,839.79999,224.36,0,1
3493,0,0,0,-6.21,-6.378,1.20748,839.79999,224.36,0,1
3503,0,0,0,-6.378,-6.63,1.20748,839.79999,224.36,0,1
3513,0,0,0,-6.378,-6.42,1.20748,839.79999,224.36,0,1
3523,0,0,0,-6.588,-6.966,1.20748,839.79999,224.36,0,1
3533,0,0,0,-6.546,-6.588,1.20748,839.79999,224.36,0,1
3543,0,0,0,-6.672,-6.924,1.20748,839.79999,224.36,0,1
3553,0,0,0,-6.378,-6.84,1.20748,839.79999,224.36,0,1
3563,0,0,0,-6.672,-6.798,1.20748,839.79999,224.36,0,1
3573,0,0,0,-6.378,-6.588,1.20748,839.79999,224.36,0,1
3583,0,0,0,-6.336,-6.798,1.20748,839.79999,224.36,0,1
3593,0,0,0,-6.378,-6.504,1.20748,839.79999,224.36,0,1
3603,0,0,0,-6.378,-6.756,1.20748,839.79999,224.36,0,1
3613,0,0,0,-6.378,-6.42,1.20748,839.79999,224.36,0,1
3623,0,0,0,-6.756,-6.798,1.20748,839.79999,224.36,0,1
3633,0,0,0,-6.42,-6.84,1.20748,839.79999,224.36,0,1
3643,0,0,0,-6.378,-6.798,1.20748,839.79999,224.36,0,1
3653,0,0,0,-6.378,-6.756,1.20748,839.79999,224.36,0,1
3663,0,0,0,-6.462,-6.798,1.20748,839.79999,224.36,0,1
3673,0,0,0,-6.378,-6.378,1.20748,839.79999,224.36,0,1
3683,0,0,0,-6.714,-6.924,1.20748,839.79999,224.36,0,1
3693,0,0,0,-6.378,-6.588,1.20748,839.79999,224.36,0,1
3703,0,0,0,-6.378,-6.84,1.20748,839.79999,224.36,0,1
3713,0,0,0,-6.378,-6.63,1.20748,839.79999,224.36,0,1
3723,0,0,0,-6.504,-6.798,1.20748,839.79999,224.36,0,1
3733,0,0,0,-6.252,-6.84,1.20748,839.79999,224.36,0,1
3743,0,0,0,-6.378,-6.798,1.20748,839.79999,224.36,0,1
3753,0,0,0,-6.336,-6.462,1.20748,839.79999,224.36,0,1
3763,0,0,0,-6.252,-6.714,1.20748,839.79999,224.36,0,1
3773,0,0,0,-6.252,-6.546,1.20748,839.79999,224.36,0,1
3783,0,0,0,-6.42,-6.588,1.20748,839.79999,224.36,0,1
3793,0,0,0,-6.504,-6.588,1.20748,839.79999,224.36,0,1
3803,0,0,0,-6.504,-6.672,1.20748,839.79999,224.36,0,1
3813,0,0,0,-6.378,-6.672,1.20748,839.79999,224.36,0,1
3823,0,0,0,-6.504,-6.798,1.20748,839.79999,224.36,0,1
3833,0,0,0,-6.084,-6.546,1.20748,839.79999,224.36,0,1
3843,0,0,0,-5.916,-6.798,1.20748,839.79999,224.36,0,1
3853,0,0,0,-6.252,-6.546,1.20748,839.79999,224.36,0,1
3863,0,0,0,-6.378,-6.924,1.20748,839.79999,224.36,0,1
3873,0,0,0,-6.672,-6.588,1.20748,839.79999,224.36,0,1
3883,0,0,0,-6.378,-6.714,1.20748,839.79999,224.36,0,1
3893,0,0,0,-6.378,-6.378,1.20748,839.79999,224.36,0,1
3903,0,0,0,-6.378,-6.63,1.20748,839.79999,224.36,0,1
3913,0,0,0,-6.336,-6.546,1.20748,839.79999,224.36,0,1
3923,0,0,0,-6.21,-6.798,1.20748,839.79999,224.36,0,1
3933,0,0,0,-5.958,-6.588,1.20748,839.79999,224.36,0,1
3943,0,0,0,-6.294,-6.798,1.20748,839.79999,224.36,0,1
3953,0,0,0,-6.378,-6.504,1.20748,839.79999,224.36,0,1
3963,0,0,0,-6.21,-6.84,1.20748,839.79999,224.36,0,1
3973,0,0,0,-6.252,-6.42,1.2585,704.59998,224.36,0,1
3983,0,0,0,-6.798,-6.588,1.2585,704.59998,224.36,0,1
3993,0,0,0,-6.252,-7.008,1.2585,704.59998,224.36,0,1
4003,0,0,0,-6.336,-7.05,1.2585,704.59998,224.36,0,1
4013,0,0,0,-5.916,-6.924,1.2585,704.59998,224.36,0,1
4023,0,0,0,-6.084,-7.05,1.2585,704.59998,224.36,0,1
4033,0,0,0,-6.084,-6.84,1.2585,704.59998,224.36,0,1
4043,0,0,0,-6.126,-6.798,1.2585,704.59998,224.36,0,1
4053,0,0,0,-6.504,-6.924,1.2585,704.59998,224.36,0,1
4063,0,0,0,-6.84,-7.05,1.2585,704.59998,224.36,0,1
4073,0,0,0,-6.252,-6.966,1.2585,704.59998,224.36,0,1
4083,0,0,0,-6.378,-7.05,1.2585,704.59998,224.36,0,1
4093,0,0,0,-6.42,-6.756,1.2585,704.59998,224.36,0,1
4103,0,0,0,-6.924,-6.966,1.2585,704.59998,224.36,0,1
4113,0,0,0,-6.378,-6.798,1.2585,704.59998,224.36,0,1
4123,0,0,0,-6.546,-7.008,1.2585,704.59998,224.36,0,1
4133,0,0,0,-5.916,-6.63,1.2585,704.59998,224.36,0,0
4143,0,0,0,-6.294,-6.924,1.2585,704.59998,224.36,0,0
4153,0,0,0,-6.126,-6.756,1.2585,704.59998,224.36,0,0
4163,0,0,0,-6.546,-7.008,1.2585,704.59998,224.36,0,0
4173,0,0,0,-6.21,-6.672,1.2585,704.59998,224.36,0,0
4183,0,0,0,-6.462,-6.966,1.2585,704.59998,224.36,0,0
4193,0,0,0,-6.126,-6.756,1.2585,704.59998,224.36,0,0
4203,0,0,0,-5.958,-6.756,1.2585,704.59998,224.36,0,0
4213,0,0,0,-5.664,-6.588,1.2585,704.59998,224.36,0,0
4223,0,0,0,-5.916,-6.882,1.2585,704.59998,224.36,0,0
4233,0,0,0,-6.336,-6.504,1.2585,704.59998,224.36,0,0
4243,0,0,0,-6.294,-7.008,1.2585,704.59998,224.36,0,0
4253,0,0,0,-6.21,-6.546,1.2585,704.59998,224.36,0,0
4263,0,0,0,-6.378,-6.84,1.2585,704.59998,224.36,0,0
4273,0,0,0,-6.42,-6.798,1.2585,704.59998,224.36,0,0
4283,0,0,0,-6.63,-7.008,1.2585,704.59998,224.36,0,0
4293,0,0,0,-6.378,-6.672,1.2585,704.59998,224.36,0,0
4303,0,0,0,-6.672,-7.008,1.2585,704.59998,224.36,0,0
4313,0,0,0,-6.378,-6.714,1.2585,704.59998,224.36,0,0
4323,0,0,0,-6.756,-6.882,1.2585,704.59998,224.36,0,0
4333,0,0,0,-6.378,-6.546,1.2585,704.59998,224.36,0,0
4343,0,0,0,-6.672,-7.008,1.2585,704.59998,224.36,0,0
4353,0,0,0,-6.378,-6.504,1.2585,704.59998,224.36,0,0
4363,0,0,0,-6.672,-6.882,1.2585,704.59998,224.36,0,0
4373,0,0,0,-6.378,-6.63,1.2585,704.59998,224.36,0,0
4383,0,0,0,-6.672,-7.05,1.2585,704.59998,224.36,0,0
4393,0,0,0,-6.294,-6.588,1.2585,704.59998,224.36,0,0
4403,0,0,0,-6.462,-7.008,1.2585,704.59998,224.36,0,0
4413,0,0,0,-6.378,-6.714,1.2585,704.59998,224.36,0,0
4423,0,0,0,-6.462,-6.84,1.2585,704.59998,224.36,0,0
4433,0,0,0,-6.378,-6.672,1.2585,704.59998,224.36,0,0
4453,0,0,0,-6.294,-6.798,1.2585,704.59998,224.36,0,0
4463,0,0,0,-6.63,-6.756,1.2585,704.59998,224.36,0,0
4473,0,0,0,-6.252,-6.966,1.2585,704.59998,224.36,0,0
4483,0,0,0,-5.958,-6.63,1.2585,704.59998,224.36,0,0
4493,0,0,0,-6.588,-6.924,1.2585,704.59998,224.36,0,0
4503,0,0,0,-6.378,-6.756,1.2585,704.59998,224.36,0,0
4513,0,0,0,-6.756,-6.924,1.2585,704.59998,224.36,0,0
4523,0,0,0,-6.63,-6.924,1.2585,704.59998,224.36,0,0
4533,0,0,0,-6.588,-6.924,1.2585,704.59998,224.36,0,0
4543,0,0,0,-6.378,-6.63,1.2585,704.59998,224.36,0,0
4553,0,0,0,-6.798,-6.924,1.2585,704.59998,224.36,0,0
4563,0,0,0,-6.336,-6.504,1.2585,704.59998,224.36,0,0
4573,0,0,0,-6.084,-6.672,1.2585,704.59998,224.36,0,0
4583,0,0,0,-6.378,-6.462,1.2585,704.59998,224.36,0,0
4593,0,0,0,-6.462,-6.798,1.2585,704.59998,224.36,0,0
4603,0,0,0,-6.378,-6.546,1.2585,704.59998,224.36,0,0
4613,0,0,0,-6.378,-6.924,1.2585,704.59998,224.36,0,0
4623,0,0,0,-6.294,-6.672,1.2585,704.59998,224.36,0,0
4633,0,0,0,-6.63,-7.05,1.2585,704.59998,224.36,0,0
4643,0,0,0,-6.336,-6.672,1.2585,704.59998,224.36,0,0
4653,0,0,0,-6.63,-6.882,1.2585,704.59998,224.36,0,0
4663,0,0,0,-6.378,-6.588,1.2585,704.59998,224.36,0,0
4673,0,0,0,-6.462,-6.882,1.2585,704.59998,224.36,0,0
4683,0,0,0,-6.378,-6.756,1.2585,704.59998,224.36,0,0
4693,0,0,0,-6.588,-6.966,1.2585,704.59998,224.36,0,0
4703,0,0,0,-6.462,-6.63,1.2585,704.59998,224.36,0,0
4713,0,0,0,-6.63,-7.05,1.2585,704.59998,224.36,0,0
4723,0,0,0,-6.378,-6.588,1.2585,704.59998,224.36,0,0
4733,0,0,0,-6.462,-6.882,1.2585,704.59998,224.36,0,0
4743,0,0,0,-6.294,-6.588,1.2585,704.59998,224.36,0,0
4753,0,0,0,-6.924,-7.05,1.2585,704.59998,224.36,0,0
4763,0,0,0,-6.462,-6.546,1.2585,704.59998,224.36,0,0
4773,0,0,0,-6.924,-6.924,1.2585,704.59998,224.36,0,0
4783,0,0,0,-6.294,-6.462,1.2585,704.59998,224.36,0,0
4793,0,0,0,-6.588,-6.924,1.2585,704.59998,224.36,0,0
4803,0,0,0,-6.336,-6.588,1.2585,704.59998,224.36,0,0
4813,0,0,0,-6.63,-6.924,1.2585,704.59998,224.36,0,0
4823,0,0,0,-6.21,-6.798,1.2585,704.59998,224.36,0,0
4833,0,0,0,-6.756,-6.924,1.2585,704.59998,224.36,0,0
4843,0,0,0,-6.378,-6.63,1.2585,704.59998,224.36,0,0
4853,0,0,0,-6.714,-7.05,1.2585,704.59998,224.36,0,0
4863,0,0,0,-6.378,-6.42,1.2585,704.59998,224.36,0,0
4873,0,0,0,-6.378,-6.966,1.2585,704.59998,224.36,0,0
4883,0,0,0,-6.084,-6.588,1.2585,704.59998,224.36,0,0
4893,0,0,0,-6.378,-6.714,1.2585,704.59998,224.36,0,0
4903,0,0,0,-6.168,-6.546,1.2585,704.59998,224.36,0,0
4913,0,0,0,-6.378,-6.966,1.2585,704.59998,224.36,0,0
4923,0,0,0,-6.126,-6.672,1.2585,704.59998,224.36,0,0
4933,0,0,0,-6.462,-7.008,1.2585,704.59998,224.36,0,0
4943,0,0,0,-6.378,-6.63,1.2585,704.59998,224.36,0,0
4953,0,0,0,-6.378,-6.966,1.2585,704.59998,224.36,0,0
4963,0,0,0,-6.252,-6.63,1.2585,704.59998,224.36,0,0
4963,0,0,0,-6.63,-7.008,1.2585,704.59998,224.36,0,0
4974,0,0,0,-5.79,-6.546,1.25,829.40002,224.36,0,0
4983,0,0,0,-7.05,-6.378,1.25,829.40002,224.36,0,0
4993,0,0,0,-6.378,-6.42,1.25,829.40002,224.36,0,0
5004,0,0,0,-6.714,-6.798,1.25,829.40002,224.36,0,0
5014,0,0,0,-6.63,-6.588,1.25,829.40002,224.36,0,0
5025,0,0,0,-7.05,-6.798,1.25,829.40002,224.36,0,0
5036,0,0,0,-6.294,-6.462,1.25,829.40002,224.36,0,0
5046,0,0,0,-6.378,-6.63,1.25,829.40002,224.36,0,0
5053,0,0,0,-6.84,-6.588,1.25,829.40002,224.36,0,0
5063,0,0,0,-6.546,-6.672,1.25,829.40002,224.36,0,0
5073,0,0,0,-6.378,-6.378,1.25,829.40002,224.36,0,0
5083,0,0,0,-6.672,-6.84,1.25,829.40002,224.36,0,0
5094,0,0,0,-6.378,-6.462,1.25,829.40002,224.36,0,0
5105,0,0,0,-7.05,-6.798,1.25,829.40002,224.36,0,0
5105,0,0,0,-7.05,-6.798,1.25,829.40002,224.36,0,0
5123,0,0,0,-7.05,-6.798,1.25,829.40002,224.36,0,0
5133,0,0,0,-6.378,-6.714,1.25,829.40002,224.36,0,0
5143,0,0,0,-6.378,-6.798,1.25,829.40002,224.36,0,0
5153,0,0,0,-6.378,-6.462,1.25,829.40002,224.36,0,0
5165,0,0,0,-6.546,-6.924,1.25,829.40002,224.36,0,0
5173,0,0,0,-6.21,-6.462,1.25,829.40002,224.36,0,0
5183,0,0,0,-6.546,-6.966,1.25,829.40002,224.36,0,0
5194,0,0,0,-6.378,-6.756,1.25,829.40002,224.36,0,0
5204,0,0,0,-6.84,-6.756,1.25,829.40002,224.36,0,0
5215,0,0,0,-6.378,-6.378,1.25,829.40002,224.36,0,0
5225,0,0,0,-7.05,-7.05,1.25,829.40002,224.36,0,0
5225,0,0,0,-7.05,-7.05,1.25,829.40002,224.36,0,0
5243,0,0,0,-6.714,-6.924,1.25,829.40002,224.36,0,0
5253,0,0,0,-6.504,-6.924,1.25,829.40002,224.36,0,0
5263,0,0,0,-6.21,-6.966,1.25,829.40002,224.36,0,0
5279,0,0,0,-6.714,-6.924,1.25,829.40002,224.36,0,0
5284,0,0,0,-6.84,-7.05,1.25,829.40002,224.36,0,0
5293,0,0,0,-6.294,-6.546,1.25,829.40002,224.36,0,0
5303,0,0,0,-6.462,-6.924,1.25,829.40002,224.36,0,0
5313,0,0,0,-6.336,-6.588,1.25,829.40002,224.36,0,0
5323,0,0,0,-6.378,-6.924,1.25,829.40002,224.36,0,0
5333,0,0,0,-6.378,-6.63,1.25,829.40002,224.36,0,0
5343,0,0,0,-6.798,-6.924,1.25,829.40002,224.36,0,0
5353,0,0,0,-6.462,-6.462,1.25,829.40002,224.36,0,0
5363,0,0,0,-6.756,-6.798,1.25,829.40002,224.36,0,0
5373,0,0,0,-6.546,-6.63,1.25,829.40002,224.36,0,0
5383,0,0,0,-6.63,-7.05,1.25,829.40002,224.36,0,0
5393,0,0,0,-6.294,-6.588,1.25,829.40002,224.36,0,0
5403,0,0,0,-6.84,-7.05,1.25,829.40002,224.36,0,0
5413,0,0,0,-6.126,-6.63,1.25,829.40002,224.36,0,0
5423,0,0,0,-6.63,-6.924,1.25,829.40002,224.36,0,0
5433,0,0,0,-6.378,-6.462,1.25,829.40002,224.36,0,0
5443,0,0,0,-6.966,-6.924,1.25,829.40002,224.36,0,0
5453,0,0,0,-6.042,-6.504,1.25,829.40002,224.36,0,0
5463,0,0,0,-6.378,-7.008,1.25,829.40002,224.36,0,0
5473,0,0,0,-6.084,-6.588,1.25,829.40002,224.36,0,0
5483,0,0,0,-6.378,-7.05,1.25,829.40002,224.36,0,0
5493,0,0,0,-5.958,-6.546,1.25,829.40002,224.36,0,0
5503,0,0,0,-6.378,-7.05,1.25,829.40002,224.36,0,0
5513,0,0,0,-5.79,-6.462,1.25,829.40002,224.36,0,0
5523,0,0,0,-6.378,-6.924,1.25,829.40002,224.36,0,0
5533,0,0,0,-6.084,-6.63,1.25,829.40002,224.36,0,0
5543,0,0,0,-6.336,-7.008,1.25,829.40002,224.36,0,0
5553,0,0,0,-6.042,-6.672,1.25,829.40002,224.36,0,0
5563,0,0,0,-6.63,-6.882,1.25,829.40002,224.36,0,0
5573,0,0,0,-6.252,-6.63,1.25,829.40002,224.36,0,0
5583,0,0,0,-6.378,-7.05,1.25,829.40002,224.36,0,0
5593,0,0,0,-5.958,-6.504,1.25,829.40002,224.36,0,0
5603,0,0,0,-6.378,-6.966,1.25,829.40002,224.36,0,0
5613,0,0,0,-5.916,-6.42,1.25,829.40002,224.36,0,0
5623,0,0,0,-6.378,-6.966,1.25,829.40002,224.36,0,0
5633,0,0,0,-6.378,-6.63,1.25,829.40002,224.36,0,0
5643,0,0,0,-6.462,-7.05,1.25,829.40002,224.36,0,0
5653,0,0,0,-5.916,-6.588,1.25,829.40002,224.36,0,0
5663,0,0,0,-6.84,-6.924,1.25,829.40002,224.36,0,0
5673,0,0,0,-6.462,-6.672,1.25,829.40002,224.36,0,0
5683,0,0,0,-6.798,-6.924,1.25,829.40002,224.36,0,0
5693,0,0,0,-6.42,-6.462,1.25,829.40002,224.36,0,0
5703,0,0,0,-6.798,-6.966,1.25,829.40002,224.36,0,0
5713,0,0,0,-6.378,-6.63,1.25,829.40002,224.36,0,0
5723,0,0,0,-7.008,-6.966,1.25,829.40002,224.36,0,0
5733,0,0,0,-6.378,-6.504,1.25,829.40002,224.36,0,0
5743,0,0,0,-6.798,-6.966,1.25,829.40002,224.36,0,0
5753,0,0,0,-6.294,-6.42,1.25,829.40002,224.36,0,0
5763,0,0,0,-6.882,-6.924,1.25,829.40002,224.36,0,0
5773,0,0,0,-6.378,-6.462,1.25,829.40002,224.36,0,0
5783,0,0,0,-6.546,-6.966,1.25,829.40002,224.36,0,0
5793,0,0,0,-6.378,-6.546,1.25,829.40002,224.36,0,0
5803,0,0,0,-6.63,-7.008,1.25,829.40002,224.36,0,0
5813,0,0,0,-6.336,-6.756,1.25,829.40002,224.36,0,0
5823,0,0,0,-6.672,-7.05,1.25,829.40002,224.36,0,0
5833,0,0,0,-5.454,-6.798,1.25,829.40002,224.36,0,0
5843,0,0,0,-6.378,-6.924,1.25,829.40002,224.36,0,0
5853,0,0,0,-6.462,-6.798,1.25,829.40002,224.36,0,0
5863,0,0,0,-7.05,-7.008,1.25,829.40002,224.36,0,0
5873,0,0,0,-6.378,-6.504,1.25,829.40002,224.36,0,0
5883,0,0,0,-6.42,-6.966,1.25,829.40002,224.36,0,0
5893,0,0,0,-6.378,-6.84,1.25,829.40002,224.36,0,0
5903,0,0,0,-6.714,-6.798,1.25,829.40002,224.36,0,0
5913,0,0,0,-6.504,-6.546,1.25,829.40002,224.36,0,0
5923,0,0,0,-6.294,-6.924,1.25,829.40002,224.36,0,0
5933,0,0,0,-5.79,-6.672,1.25,829.40002,224.36,0,0
5943,0,0,0,-6.042,-6.882,1.25,829.40002,224.36,0,0
5953,0,0,0,-5.748,-6.546,1.25,829.40002,224.36,0,0
5963,0,0,0,-6.672,-7.008,1.25,829.40002,224.36,0,0
5973,0,0,0,-6,-6.546,1.23299,829.40002,224.36,0,0
5983,0,0,0,-6.252,-6.378,1.23299,829.40002,224.36,0,0
5993,0,0,0,-5.664,-6.504,1.23299,829.40002,224.36,0,0
6003,0,0,0,-6.378,-6.84,1.23299,829.40002,224.36,0,0
6013,0,0,0,-6.294,-6.462,1.23299,829.40002,224.36,0,0
6023,0,0,0,-6.756,-7.008,1.23299,829.40002,224.36,0,0
6033,0,0,0,-6.084,-6.588,1.23299,829.40002,224.36,0,0
6043,0,0,0,-6.84,-6.882,1.23299,829.40002,224.36,0,0
6053,0,0,0,-6.336,-6.756,1.23299,829.40002,224.36,0,0
6063,0,0,0,-6.756,-6.924,1.23299,829.40002,224.36,0,0
6073,0,0,0,-6.294,-6.546,1.23299,829.40002,224.36,0,0
6083,0,0,0,-7.05,-6.882,1.23299,829.40002,224.36,0,0
6093,0,0,0,-6.126,-6.546,1.23299,829.40002,224.36,0,0
6103,0,0,0,-6.672,-6.966,1.23299,829.40002,224.36,0,0
6113,0,0,0,-6.378,-6.378,1.23299,829.40002,224.36,0,0
6123,0,0,0,-6.924,-6.882,1.23299,829.40002,224.36,0,0
6133,0,0,0,-6.336,-6.504,1.23299,829.40002,224.36,0,0
6143,0,0,0,-6.672,-7.008,1.23299,829.40002,224.36,0,0
6153,0,0,0,-6.336,-6.756,1.23299,829.40002,224.36,0,0
6163,0,0,0,-6.672,-7.05,1.23299,829.40002,224.36,0,0
6173,0,0,0,-5.916,-6.588,1.23299,829.40002,224.36,0,0
6183,0,0,0,-6.378,-6.798,1.23299,829.40002,224.36,0,0
6193,0,0,0,-6.294,-6.546,1.23299,829.40002,224.36,0,0
6203,0,0,0,-6.378,-6.882,1.23299,829.40002,224.36,0,0
6213,0,0,0,-5.916,-6.588,1.23299,829.40002,224.36,0,0
6223,0,0,0,-6.378,-7.05,1.23299,829.40002,224.36,0,0
6233,0,0,0,-6.462,-6.84,1.23299,829.40002,224.36,0,0
6243,0,0,0,-6.756,-6.924,1.23299,829.40002,224.36,0,0
6253,0,0,0,-6.336,-6.588,1.23299,829.40002,224.36,0,0
6263,0,0,0,-6.882,-7.008,1.23299,829.40002,224.36,0,0
6273,0,0,0,-6.336,-6.462,1.23299,829.40002,224.36,0,0
6283,0,0,0,-6.672,-6.966,1.23299,829.40002,224.36,0,0
6293,0,0,0,-6.588,-6.63,1.23299,829.40002,224.36,0,0
6303,0,0,0,-6.63,-7.05,1.23299,829.40002,224.36,0,0
6313,0,0,0,-6.378,-6.588,1.23299,829.40002,224.36,0,0
6323,0,0,0,-7.05,-6.966,1.23299,829.40002,224.36,0,0
6333,0,0,0,-6.252,-6.588,1.23299,829.40002,224.36,0,0
6343,0,0,0,-6.672,-6.798,1.23299,829.40002,224.36,0,0
6353,0,0,0,-6.168,-6.504,1.23299,829.40002,224.36,0,0
6363,0,0,0,-6.546,-7.05,1.23299,829.40002,224.36,0,0
6373,0,0,0,-6.378,-6.84,1.23299,829.40002,224.36,0,0
6383,0,0,0,-6.966,-7.05,1.23299,829.40002,224.36,0,0
6393,0,0,0,-6.378,-6.63,1.23299,829.40002,224.36,0,0
6403,0,0,0,-6.672,-6.798,1.23299,829.40002,224.36,0,0
6413,0,0,0,-6,-6.546,1.23299,829.40002,224.36,0,0
6423,0,0,0,-6.546,-7.008,1.23299,829.40002,224.36,0,0
6433,0,0,0,-6.378,-6.378,1.23299,829.40002,224.36,0,0
6443,0,0,0,-6.63,-6.924,1.23299,829.40002,224.36,0,0
6453,0,0,0,-6.252,-6.672,1.23299,829.40002,224.36,0,0
6463,0,0,0,-6.714,-6.966,1.23299,829.40002,224.36,0,0
6473,0,0,0,-6.504,-6.63,1.23299,829.40002,224.36,0,0
6483,0,0,0,-6.882,-6.84,1.23299,829.40002,224.36,0,0
6493,0,0,0,-6.378,-6.588,1.23299,829.40002,224.36,0,0
6503,0,0,0,-6.924,-6.924,1.23299,829.40002,224.36,0,0
6513,0,0,0,-6.378,-6.756,1.23299,829.40002,224.36,0,0
6523,0,0,0,-6.756,-7.008,1.23299,829.40002,224.36,0,0
6533,0,0,0,-6.252,-6.63,1.23299,829.40002,224.36,0,0
6543,0,0,0,-6.924,-6.798,1.23299,829.40002,224.36,0,0
6553,0,0,0,-6.252,-6.546,1.23299,829.40002,224.36,0,0
6563,0,0,0,-7.008,-7.05,1.23299,829.40002,224.36,0,0
6573,0,0,0,-5.958,-6.84,1.23299,829.40002,224.36,0,0
6583,0,0,0,-6.84,-6.966,1.23299,829.40002,224.36,0,0
6593,0,0,0,-6.126,-6.63,1.23299,829.40002,224.36,0,0
6603,0,0,0,-6.84,-7.05,1.23299,829.40002,224.36,0,0
6613,0,0,0,-5.874,-6.546,1.23299,829.40002,224.36,0,0
6623,0,0,0,-6.252,-7.05,1.23299,829.40002,224.36,0,0
6633,0,0,0,-5.916,-6.63,1.23299,829.40002,224.36,0,0
6643,0,0,0,-6.63,-6.924,1.23299,829.40002,224.36,0,0
6653,0,0,0,-6.294,-6.798,1.23299,829.40002,224.36,0,0
6663,0,0,0,-6.756,-6.966,1.23299,829.40002,224.36,0,0
6673,0,0,0,-6,-6.798,1.23299,829.40002,224.36,0,0
6683,0,0,0,-6.504,-6.966,1.23299,829.40002,224.36,0,0
6693,0,0,0,-6.126,-6.588,1.23299,829.40002,224.36,0,0
6703,0,0,0,-6.252,-6.84,1.23299,829.40002,224.36,0,0
6713,0,0,0,-5.79,-6.504,1.23299,829.40002,224.36,0,0
6723,0,0,0,-6.336,-6.966,1.23299,829.40002,224.36,0,0
6733,0,0,0,-5.328,-6.798,1.23299,829.40002,224.36,0,0
6743,0,0,0,-6.294,-7.008,1.23299,829.40002,224.36,0,0
6753,0,0,0,-5.874,-6.504,1.23299,829.40002,224.36,0,0
6763,0,0,0,-6.63,-6.798,1.23299,829.40002,224.36,0,0
6773,0,0,0,-5.958,-6.798,1.23299,829.40002,224.36,0,0
6783,0,0,0,-6.672,-6.924,1.23299,829.40002,224.36,0,0
6793,0,0,0,-6.252,-6.588,1.23299,829.40002,224.36,0,0
6803,0,0,0,-6.42,-6.966,1.23299,829.40002,224.36,0,0
6813,0,0,0,-6.294,-6.546,1.23299,829.40002,224.36,0,0
6823,0,0,0,-6.63,-6.924,1.23299,829.40002,224.36,0,0
6833,0,0,0,-6.168,-6.588,1.23299,829.40002,224.36,0,0
6843,0,0,0,-6.588,-6.924,1.23299,829.40002,224.36,0,0
6853,0,0,0,-6.294,-6.588,1.23299,829.40002,224.36,0,0
6863,0,0,0,-6.882,-7.05,1.23299,829.40002,224.36,0,0
6873,0,0,0,-6.378,-6.672,1.23299,829.40002,224.36,0,0
6883,0,0,0,-7.008,-6.924,1.23299,829.40002,224.36,0,0
6893,0,0,0,-6.336,-6.588,1.23299,829.40002,224.36,0,0
6903,0,0,0,-6.756,-6.966,1.23299,829.40002,224.36,0,0
6913,0,0,0,-6.336,-6.63,1.23299,829.40002,224.36,0,0
6923,0,0,0,-6.84,-6.966,1.23299,829.40002,224.36,0,0
6933,0,0,0,-6.378,-6.378,1.23299,829.40002,224.36,0,0
6943,0,0,0,-6.84,-6.966,1.23299,829.40002,224.36,0,0
6953,0,0,0,-6.252,-6.462,1.23299,829.40002,224.36,0,0
6963,0,0,0,-6.798,-6.966,1.23299,829.40002,224.36,0,0
6973,0,0,0,-6.294,-6.504,1.23299,829.40002,224.36,0,0
6983,0,0,0,-7.05,-6.966,1.23299,829.40002,224.36,0,0
6993,0,0,0,-6.294,-6.42,1.23299,829.40002,224.36,0,0
7003,0,0,0,-6.588,-6.798,1.23299,829.40002,224.36,0,0
7013,0,0,0,-6.336,-6.588,1.23299,829.40002,224.36,0,0
7023,0,0,0,-6.84,-6.966,1.23299,829.40002,224.36,0,0
7033,0,0,0,-6.294,-6.714,1.23299,829.40002,224.36,0,0
7043,0,0,0,-6.63,-6.924,1.23299,829.40002,224.36,0,0
7053,0,0,0,-6.378,-6.504,1.23299,829.40002,224.36,0,0
7063,0,0,0,-6.714,-6.924,1.23299,829.40002,224.36,0,0
7073,0,0,0,-6.126,-6.588,1.23299,829.40002,224.36,0,0
7083,0,0,0,-7.05,-7.05,1.23299,829.40002,224.36,0,0
7093,0,0,0,-6.294,-6.714,1.23299,829.40002,224.36,0,0
7103,0,0,0,-6.84,-6.882,1.23299,829.40002,224.36,0,0
7113,0,0,0,-6.252,-6.462,1.23299,829.40002,224.36,0,0
7123,0,0,0,-6.924,-7.008,1.23299,829.40002,224.36,0,0
7133,0,0,0,-6.252,-6.588,1.23299,829.40002,224.36,0,0
7143,0,0,0,-6.84,-6.798,1.23299,829.40002,224.36,0,0
7153,0,0,0,-6.378,-6.462,1.23299,829.40002,224.36,0,0
7163,0,0,0,-7.05,-6.924,1.23299,829.40002,224.36,0,0
7173,0,0,0,-6.126,-6.588,1.23299,829.40002,224.36,0,0
7183,0,0,0,-6.504,-6.882,1.23299,829.40002,224.36,0,0
7193,0,0,0,-6.252,-6.63,1.23299,829.40002,224.36,0,0
7203,0,0,0,-6.462,-6.924,1.23299,829.40002,224.36,0,0
7213,0,0,0,-6,-6.84,1.23299,829.40002,224.36,0,0
7223,0,0,0,-6.378,-6.882,1.23299,829.40002,224.36,0,0
7233,0,0,0,-6.21,-6.672,1.23299,829.40002,224.36,0,0
7243,0,0,0,-6.546,-6.84,1.23299,829.40002,224.36,0,0
7253,0,0,0,-5.958,-6.504,1.23299,829.40002,224.36,0,0
7263,0,0,0,-6.378,-6.798,1.23299,829.40002,224.36,0,0
7273,0,0,0,-6.336,-6.42,1.23299,829.40002,224.36,0,0
7283,0,0,0,-6.378,-6.966,1.23299,829.40002,224.36,0,0
7293,0,0,0,-5.622,-6.504,1.23299,829.40002,224.36,0,0
7303,0,0,0,-6.084,-6.924,1.23299,829.40002,224.36,0,0
7313,0,0,0,-5.664,-6.504,1.23299,829.40002,224.36,0,0
7323,0,0,0,-6.378,-6.924,1.23299,829.40002,224.36,0,0
7333,0,0,0,-5.874,-6.63,1.23299,829.40002,224.36,0,0
7343,0,0,0,-6.672,-6.882,1.23299,829.40002,224.36,0,0
7353,0,0,0,-6,-6.588,1.23299,829.40002,224.36,0,0
7363,0,0,0,-6.504,-6.882,1.23299,829.40002,224.36,0,0
7373,0,0,0,-6.042,-6.546,1.23299,829.40002,224.36,0,0
7383,0,0,0,-6.588,-6.924,1.23299,829.40002,224.36,0,0
7393,0,0,0,-6.21,-6.798,1.23299,829.40002,224.36,0,0
7403,0,0,0,-6.588,-6.798,1.23299,829.40002,224.36,0,0
7413,0,0,0,-6.084,-6.588,1.23299,829.40002,224.36,0,0
7423,0,0,0,-6.378,-6.966,1.23299,829.40002,224.36,0,0
7433,0,0,0,-6,-6.63,1.23299,829.40002,224.36,0,0
7443,0,0,0,-6.798,-6.966,1.23299,829.40002,224.36,0,0
7453,0,0,0,-5.916,-6.63,1.23299,829.40002,224.36,0,0
12463,0,0,0,-7.05,-6.798,1.21599,791.70001,224.36,0,0
12480,0,0,0,-7.05,-7.05,1.21599,791.70001,224.36,0,0
12483,0,0,0,-7.05,-7.05,1.21599,791.70001,224.36,0,0
12493,0,0,0,-5.034,-6.588,1.21599,791.70001,224.36,0,0
12503,0,0,0,-7.05,-7.008,1.21599,791.70001,224.36,0,0
12513,0,0,0,-5.118,-6.672,1.21599,791.70001,224.36,0,0
12523,0,0,0,-7.05,-7.05,1.21599,791.70001,224.36,0,0
12533,0,0,0,-5.034,-6.588,1.21599,791.70001,224.36,0,0
12543,0,0,0,-7.05,-7.05,1.21599,791.70001,224.36,0,0
12553,0,0,0,-5.034,-6.504,1.21599,791.70001,224.36,0,0
12563,0,0,0,-7.05,-7.05,1.21599,791.70001,224.36,0,0
12573,0,0,0,-5.034,-6.378,1.21599,791.70001,224.36,0,0
12583,0,0,0,-7.05,-7.008,1.21599,791.70001,224.36,0,0
12593,0,0,0,-5.034,-6.546,1.21599,791.70001,224.36,0,0
12603,0,0,0,-7.05,-7.05,1.21599,791.70001,224.36,0,0
12613,0,0,0,-5.076,-6.546,1.21599,791.70001,224.36,0,0
12623,0,0,0,-7.05,-7.05,1.21599,791.70001,224.36,0,0
12633,0,0,0,-5.16,-6.924,1.21599,791.70001,224.36,0,0
12643,0,0,0,-7.05,-7.05,1.21599,791.70001,224.36,0,0
12653,0,0,0,-5.034,-6.63,1.21599,791.70001,224.36,0,0
12663,0,0,0,-7.05,-7.05,1.21599,791.70001,224.36,0,0
12673,0,0,0,-5.118,-6.672,1.21599,791.70001,224.36,0,0
12683,0,0,0,-7.05,-7.05,1.21599,791.70001,224.36,0,0
12693,0,0,0,-5.328,-6.42,1.21599,791.70001,224.36,0,0
12703,0,0,0,-7.05,-7.05,1.21599,791.70001,224.36,0,0
12713,0,0,0,-5.076,-6.42,1.21599,791.70001,224.36,0,0
12723,0,0,0,-7.05,-7.05,1.21599,791.70001,224.36,0,0
12733,0,0,0,-5.16,-6.588,1.21599,791.70001,224.36,0,0
12743,0,0,0,-7.05,-7.05,1.21599,791.70001,224.36,0,0
12753,0,0,0,-4.908,-6.504,1.21599,791.70001,224.36,0,0
12763,0,0,0,-7.05,-7.05,1.21599,791.70001,224.36,0,0
12773,0,0,0,-5.034,-6.588,1.21599,791.70001,224.36,0,0
12783,0,0,0,-7.05,-7.05,1.21599,791.70001,224.36,0,0
12793,0,0,0,-5.076,-6.84,1.21599,791.70001,224.36,0,0
12803,0,0,0,-7.05,-7.05,1.21599,791.70001,224.36,0,0
12813,0,0,0,-4.908,-6.84,1.21599,791.70001,224.36,0,0
12823,0,0,0,-7.05,-7.05,1.21599,791.70001,224.36,0,0
12833,0,0,0,-4.908,-6.63,1.21599,791.70001,224.36,0,0
12843,0,0,0,-7.05,-7.05,1.21599,791.70001,224.36,0,0
12853,0,0,0,-5.034,-6.588,1.21599,791.70001,224.36,0,0
12863,0,0,0,-7.05,-7.05,1.21599,791.70001,224.36,0,0
12873,0,0,0,-5.202,-6.924,1.21599,791.70001,224.36,0,0
12883,0,0,0,-7.05,-7.05,1.21599,791.70001,224.36,0,0
12893,0,0,0,-5.034,-6.84,1.21599,791.70001,224.36,0,0
12903,0,0,0,-7.05,-7.05,1.21599,791.70001,224.36,0,0
12913,0,0,0,-5.118,-6.672,1.21599,791.70001,224.36,0,0
12923,0,0,0,-7.05,-7.008,1.21599,791.70001,224.36,0,0
12933,0,0,0,-5.034,-6.588,1.21599,791.70001,224.36,0,0
12943,0,0,0,-7.05,-7.05,1.21599,791.70001,224.36,0,0
12953,0,0,0,-4.908,-6.714,1.21599,791.70001,224.36,0,0
12963,0,0,0,-7.05,-7.05,1.21599,791.70001,224.36,0,0
12973,0,0,0,-5.034,-6.84,1.20748,794.29999,224.36,0,0
12983,0,0,0,-7.05,-6.63,1.20748,794.29999,224.36,0,0
12993,0,0,0,-5.034,-6.672,1.20748,794.29999,224.36,0,0
13003,0,0,0,-7.05,-7.008,1.20748,794.29999,224.36,0,0
13013,0,0,0,-4.992,-6.84,1.20748,794.29999,224.36,0,0
13023,0,0,0,-7.05,-7.008,1.20748,794.29999,224.36,0,0
13033,0,0,0,-5.16,-6.63,1.20748,794.29999,224.36,0,0
13043,0,0,0,-7.05,-7.008,1.20748,794.29999,224.36,0,0
13053,0,0,0,-4.95,-6.63,1.20748,794.29999,224.36,0,0
13063,0,0,0,-7.05,-7.05,1.20748,794.29999,224.36,0,0
13073,0,0,0,-5.286,-6.63,1.20748,794.29999,224.36,0,0
13083,0,0,0,-7.05,-7.008,1.20748,794.29999,224.36,0,0
13093,0,0,0,-5.244,-6.63,1.20748,794.29999,224.36,0,0
13103,0,0,0,-7.05,-7.05,1.20748,794.29999,224.36,0,0
13113,0,0,0,-5.076,-6.588,1.20748,794.29999,224.36,0,0
13123,0,0,0,-7.05,-7.05,1.20748,794.29999,224.36,0,0
13133,0,0,0,-4.992,-6.588,1.20748,794.29999,224.36,0,0
13143,0,0,0,-7.05,-7.05,1.20748,794.29999,224.36,0,0
13153,0,0,0,-5.328,-6.714,1.20748,794.29999,224.36,0,0
13163,0,0,0,-7.05,-7.05,1.20748,794.29999,224.36,0,0
13173,0,0,0,-5.118,-6.756,1.20748,794.29999,224.36,0,0
13183,0,0,0,-7.05,-7.05,1.20748,794.29999,224.36,0,0
13193,0,0,0,-5.496,-6.84,1.20748,794.29999,224.36,0,0
13203,0,0,0,-7.05,-7.05,1.20748,794.29999,224.36,0,0
13213,0,0,0,-5.118,-6.798,1.20748,794.29999,224.36,0,0
13223,0,0,0,-7.05,-7.05,1.20748,794.29999,224.36,0,0
13233,0,0,0,-5.496,-6.924,1.20748,794.29999,224.36,0,0
13243,0,0,0,-7.05,-7.05,1.20748,794.29999,224.36,0,0
13253,0,0,0,-5.286,-6.84,1.20748,794.29999,224.36,0,0
13263,0,0,0,-7.05,-7.05,1.20748,794.29999,224.36,0,0
13273,0,0,0,-4.992,-6.966,1.20748,794.29999,224.36,0,0
13283,0,0,0,-7.05,-7.05,1.20748,794.29999,224.36,0,0
13293,0,0,0,-5.16,-6.756,1.20748,794.29999,224.36,0,0
13303,0,0,0,-7.05,-7.008,1.20748,794.29999,224.36,0,0
13313,0,0,0,-5.202,-6.882,1.20748,794.29999,224.36,0,0
13323,0,0,0,-7.05,-7.05,1.20748,794.29999,224.36,0,0
13333,0,0,0,-4.95,-6.63,1.20748,794.29999,224.36,0,0
13343,0,0,0,-7.05,-7.05,1.20748,794.29999,224.36,0,0
13353,0,0,0,-5.454,-6.756,1.20748,794.29999,224.36,0,0
13363,0,0,0,-7.05,-7.05,1.20748,794.29999,224.36,0,0
13373,0,0,0,-5.79,-6.924,1.20748,794.29999,224.36,0,0
13383,0,0,0,-7.05,-7.05,1.20748,794.29999,224.36,0,0
13393,0,0,0,-5.454,-6.84,1.20748,794.29999,224.36,0,0
13403,0,0,0,-7.05,-7.008,1.20748,794.29999,224.36,0,0
13413,0,0,0,-4.95,-6.756,1.20748,794.29999,224.36,0,0
13423,0,0,0,-6.882,-6.924,1.20748,794.29999,224.36,0,0
13433,0,0,0,-5.034,-6.84,1.20748,794.29999,224.36,0,0
13443,0,0,0,-7.05,-6.924,1.20748,794.29999,224.36,0,0
13453,0,0,0,-5.454,-7.008,1.20748,794.29999,224.36,0,0
13463,0,0,0,-7.05,-7.05,1.20748,794.29999,224.36,0,0
13473,0,0,0,-5.286,-6.966,1.20748,794.29999,224.36,0,0
13483,0,0,0,-7.05,-7.05,1.20748,794.29999,224.36,0,0
13493,0,0,0,-5.202,-6.84,1.20748,794.29999,224.36,0,0
13503,0,0,0,-7.05,-7.05,1.20748,794.29999,224.36,0,0
13513,0,0,0,-5.58,-6.714,1.20748,794.29999,224.36,0,0
13523,0,0,0,-7.05,-7.05,1.20748,794.29999,224.36,0,0
13533,0,0,0,-5.328,-6.84,1.20748,794.29999,224.36,0,0
13543,0,0,0,-7.05,-6.966,1.20748,794.29999,224.36,0,0
13553,0,0,0,-5.286,-6.798,1.20748,794.29999,224.36,0,0
13563,0,0,0,-7.05,-6.882,1.20748,794.29999,224.36,0,0
13573,0,0,0,-5.412,-7.008,1.20748,794.29999,224.36,0,0
13583,0,0,0,-7.05,-7.008,1.20748,794.29999,224.36,0,0
13593,0,0,0,-5.286,-6.924,1.20748,794.29999,224.36,0,0
13603,0,0,0,-7.05,-6.966,1.20748,794.29999,224.36,0,0
13613,0,0,0,-5.286,-6.672,1.20748,794.29999,224.36,0,0
13623,0,0,0,-7.05,-6.84,1.20748,794.29999,224.36,0,0
13633,0,0,0,-5.496,-6.756,1.20748,794.29999,224.36,0,0
13643,0,0,0,-6.966,-6.966,1.20748,794.29999,224.36,0,0
13653,0,0,0,-4.614,-6.924,1.20748,794.29999,224.36,0,0
13663,0,0,0,-6.756,-6.966,1.20748,794.29999,224.36,0,0
13673,0,0,0,-5.454,-6.924,1.20748,794.29999,224.36,0,0
13683,0,0,0,-7.05,-7.008,1.20748,794.29999,224.36,0,0
13693,0,0,0,-5.328,-6.798,1.20748,794.29999,224.36,0,0
13703,0,0,0,-7.05,-7.008,1.20748,794.29999,224.36,0,0
13713,0,0,0,-5.328,-6.924,1.20748,794.29999,224.36,0,0
13723,0,0,0,-7.05,-7.05,1.20748,794.29999,224.36,0,0
13733,0,0,0,-5.118,-6.798,1.20748,794.29999,224.36,0,0
13743,0,0,0,-7.05,-6.966,1.20748,794.29999,224.36,0,0
13753,0,0,0,-5.16,-6.924,1.20748,794.29999,224.36,0,0
13763,0,0,0,-7.05,-7.05,1.20748,794.29999,224.36,0,0
13773,0,0,0,-5.37,-6.798,1.20748,794.29999,224.36,0,0
13783,0,0,0,-7.05,-6.966,1.20748,794.29999,224.36,0,0
13793,0,0,0,-5.706,-7.05,1.20748,794.29999,224.36,0,0
13803,0,0,0,-7.05,-7.05,1.20748,794.29999,224.36,0,0
13813,0,0,0,-5.58,-7.05,1.20748,794.29999,224.36,0,0
13823,0,0,0,-7.05,-7.05,1.20748,794.29999,224.36,0,0
13833,0,0,0,-5.832,-7.05,1.20748,794.29999,224.36,0,0
13843,0,0,0,-7.05,-7.05,1.20748,794.29999,224.36,0,0
13853,0,0,0,-5.706,-7.05,1.20748,794.29999,224.36,0,0
13863,0,0,0,-7.05,-7.05,1.20748,794.29999,224.36,0,0
13873,0,0,0,-6,-7.05,1.20748,794.29999,224.36,0,0
13883,0,0,0,-7.05,-7.05,1.20748,794.29999,224.36,0,0
13893,0,0,0,-5.664,-7.05,1.20748,794.29999,224.36,0,0
13903,0,0,0,-7.05,-7.05,1.20748,794.29999,224.36,0,0
13913,0,0,0,-6.126,-7.05,1.20748,794.29999,224.36,0,0
13923,0,0,0,-7.05,-6.966,1.20748,794.29999,224.36,0,0
13933,0,0,0,-5.58,-7.008,1.20748,794.29999,224.36,0,0
13943,0,0,0,-7.05,-6.798,1.20748,794.29999,224.36,0,0
13953,0,0,0,-5.832,-7.05,1.20748,794.29999,224.36,0,0
13963,0,0,0,-7.05,-6.966,1.20748,794.29999,224.36,0,0
13973,0,0,0,-5.622,-7.05,1.2415,800.79999,224.36,0,0
13983,0,0,0,-7.05,-6.546,1.2415,800.79999,224.36,0,0
13993,0,0,0,-5.706,-7.008,1.2415,800.79999,224.36,0,0
14003,0,0,0,-7.05,-6.924,1.2415,800.79999,224.36,0,0
14013,0,0,0,-5.412,-7.008,1.2415,800.79999,224.36,0,0
14023,0,0,0,-6.756,-6.84,1.2415,800.79999,224.36,0,0
14033,0,0,0,-5.328,-7.008,1.2415,800.79999,224.36,0,0
14043,0,0,0,-6.966,-6.84,1.2415,800.79999,224.36,0,0
14053,0,0,0,-5.286,-6.966,1.2415,800.79999,224.36,0,0
14063,0,0,0,-7.05,-7.05,1.2415,800.79999,224.36,0,0
14073,0,0,0,-6.168,-7.05,1.2415,800.79999,224.36,0,0
14083,0,0,0,-7.05,-6.798,1.2415,800.79999,224.36,0,0
14093,0,0,0,-5.58,-7.05,1.2415,800.79999,224.36,0,0
14103,0,0,0,-6.798,-7.008,1.2415,800.79999,224.36,0,0
14113,0,0,0,-5.412,-7.008,1.2415,800.79999,224.36,0,0
14123,0,0,0,-7.05,-6.798,1.2415,800.79999,224.36,0,0
14133,0,0,0,-5.664,-7.05,1.2415,800.79999,224.36,0,0
14143,0,0,0,-7.05,-6.84,1.2415,800.79999,224.36,0,0
14153,0,0,0,-5.706,-7.05,1.2415,800.79999,224.36,0,0
14163,0,0,0,-6.84,-6.966,1.2415,800.79999,224.36,0,0
14173,0,0,0,-5.706,-7.05,1.2415,800.79999,224.36,0,0
14183,0,0,0,-7.05,-6.798,1.2415,800.79999,224.36,0,0
14193,0,0,0,-5.706,-6.966,1.2415,800.79999,224.36,0,0
14203,0,0,0,-7.05,-6.672,1.2415,800.79999,224.36,0,0
14213,0,0,0,-5.706,-7.05,1.2415,800.79999,224.36,0,0
14223,0,0,0,-7.05,-6.756,1.2415,800.79999,224.36,0,0
14233,0,0,0,-5.748,-7.05,1.2415,800.79999,224.36,0,0
14243,0,0,0,-7.05,-6.84,1.2415,800.79999,224.36,0,0
14253,0,0,0,-5.706,-7.05,1.2415,800.79999,224.36,0,0
14263,0,0,0,-7.008,-6.714,1.2415,800.79999,224.36,0,0
14273,0,0,0,-5.748,-7.05,1.2415,800.79999,224.36,0,0
14283,0,0,0,-7.05,-6.798,1.2415,800.79999,224.36,0,0
14293,0,0,0,-5.79,-7.05,1.2415,800.79999,224.36,0,0
14303,0,0,0,-7.05,-6.84,1.2415,800.79999,224.36,0,0
14313,0,0,0,-5.748,-7.05,1.2415,800.79999,224.36,0,0
14323,0,0,0,-7.05,-6.882,1.2415,800.79999,224.36,0,0
14333,0,0,0,-5.958,-7.05,1.2415,800.79999,224.36,0,0
14343,0,0,0,-7.05,-6.756,1.2415,800.79999,224.36,0,0
14353,0,0,0,-5.958,-7.05,1.2415,800.79999,224.36,0,0
14363,0,0,0,-7.05,-6.756,1.2415,800.79999,224.36,0,0
14373,0,0,0,-6.168,-7.05,1.2415,800.79999,224.36,0,0
14383,0,0,0,-7.05,-6.63,1.2415,800.79999,224.36,0,0
14393,0,0,0,-6.084,-7.05,1.2415,800.79999,224.36,0,0
14403,0,0,0,-7.008,-6.672,1.2415,800.79999,224.36,0,0
14413,0,0,0,-5.496,-7.05,1.2415,800.79999,224.36,0,0
14423,0,0,0,-7.05,-6.672,1.2415,800.79999,224.36,0,0
14433,0,0,0,-5.874,-7.05,1.2415,800.79999,224.36,0,0
14443,0,0,0,-6.924,-6.588,1.2415,800.79999,224.36,0,0
14453,0,0,0,-5.664,-7.05,1.2415,800.79999,224.36,0,0
14463,0,0,0,-6.714,-6.672,1.2415,800.79999,224.36,0,0
14473,0,0,0,-5.58,-7.05,1.2415,800.79999,224.36,0,0
14483,0,0,0,-7.05,-6.714,1.2415,800.79999,224.36,0,0
14493,0,0,0,-5.832,-7.05,1.2415,800.79999,224.36,0,0
14503,0,0,0,-6.966,-6.798,1.2415,800.79999,224.36,0,0
14513,0,0,0,-6.042,-7.05,1.2415,800.79999,224.36,0,0
14523,0,0,0,-7.05,-6.798,1.2415,800.79999,224.36,0,0
14533,0,0,0,-5.916,-7.05,1.2415,800.79999,224.36,0,0
14543,0,0,0,-7.05,-6.756,1.2415,800.79999,224.36,0,0
14553,0,0,0,-5.916,-7.05,1.2415,800.79999,224.36,0,0
14563,0,0,0,-6.714,-6.672,1.2415,800.79999,224.36,0,0
14573,0,0,0,-5.664,-7.05,1.2415,800.79999,224.36,0,0
14583,0,0,0,-6.924,-6.84,1.2415,800.79999,224.36,0,0
14593,0,0,0,-5.832,-7.05,1.2415,800.79999,224.36,0,0
14603,0,0,0,-7.05,-6.588,1.2415,800.79999,224.36,0,0
14613,0,0,0,-5.916,-7.05,1.2415,800.79999,224.36,0,0
14623,0,0,0,-7.05,-6.546,1.2415,800.79999,224.36,0,0
14633,0,0,0,-5.916,-7.008,1.2415,800.79999,224.36,0,0
14643,0,0,0,-7.05,-6.966,1.2415,800.79999,224.36,0,0
14653,0,0,0,-6.126,-7.05,1.2415,800.79999,224.36,0,0
14663,0,0,0,-7.05,-6.798,1.2415,800.79999,224.36,0,0
14673,0,0,0,-6.294,-7.05,1.2415,800.79999,224.36,0,0
14683,0,0,0,-6.966,-6.672,1.2415,800.79999,224.36,0,0
14693,0,0,0,-5.958,-7.05,1.2415,800.79999,224.36,0,0
14703,0,0,0,-7.05,-6.672,1.2415,800.79999,224.36,0,0
14713,0,0,0,-5.748,-7.05,1.2415,800.79999,224.36,0,0
14723,0,0,0,-6.882,-6.672,1.2415,800.79999,224.36,0,0
14733,0,0,0,-5.958,-7.05,1.2415,800.79999,224.36,0,0
14743,0,0,0,-6.63,-6.714,1.2415,800.79999,224.36,0,0
14753,0,0,0,-5.916,-7.05,1.2415,800.79999,224.36,0,0
14763,0,0,0,-6.798,-7.008,1.2415,800.79999,224.36,0,0
14773,0,0,0,-6.168,-7.05,1.2415,800.79999,224.36,0,0
14783,0,0,0,-7.05,-6.924,1.2415,800.79999,224.36,0,0
14793,0,0,0,-6.126,-7.05,1.2415,800.79999,224.36,0,0
14803,0,0,0,-7.05,-7.05,1.2415,800.79999,224.36,0,0
14813,0,0,0,-6.294,-7.05,1.2415,800.79999,224.36,0,0
14823,0,0,0,-7.05,-7.05,1.2415,800.79999,224.36,0,0
14833,0,0,0,-6.126,-7.05,1.2415,800.79999,224.36,0,0
14843,0,0,0,-7.05,-6.966,1.2415,800.79999,224.36,0,0
14853,0,0,0,-6.378,-7.05,1.2415,800.79999,224.36,0,0
14863,0,0,0,-7.05,-6.966,1.2415,800.79999,224.36,0,0
14873,0,0,0,-6.336,-7.05,1.2415,800.79999,224.36,0,0
14883,0,0,0,-6.966,-7.05,1.2415,800.79999,224.36,0,0
14893,0,0,0,-6.252,-7.05,1.2415,800.79999,224.36,0,0
14903,0,0,0,-6.63,-7.008,1.2415,800.79999,224.36,0,0
14913,0,0,0,-6.21,-7.05,1.2415,800.79999,224.36,0,0
14923,0,0,0,-6.84,-7.05,1.2415,800.79999,224.36,0,0
14933,0,0,0,-6,-7.05,1.2415,800.79999,224.36,0,0
14943,0,0,0,-6.588,-7.008,1.2415,800.79999,224.36,0,0
14953,0,0,0,-6.168,-7.05,1.2415,800.79999,224.36,0,0
14963,0,0,0,-6.798,-7.008,1.2415,800.79999,224.36,0,0
14977,0,0,0,-7.05,-7.05,1.25,800.79999,224.36,0,0
14983,0,0,0,-6.588,-6.504,1.25,816.40002,224.36,0,0
14993,0,0,0,-6.714,-7.05,1.25,816.40002,224.36,0,0
15006,0,0,0,-5.16,-6.378,1.25,816.40002,224.36,0,0
15013,0,0,0,-6.756,-7.05,1.25,816.40002,224.36,0,0
15023,0,0,0,-6.756,-6.924,1.25,816.40002,224.36,0,0
15033,0,0,0,-5.538,-7.05,1.25,816.40002,224.36,0,0
15044,0,0,0,-7.05,-6.924,1.25,816.40002,224.36,0,0
15054,0,0,0,-7.05,-7.05,1.25,816.40002,224.36,0,0
15065,0,0,0,-7.008,-6.588,1.25,816.40002,224.36,0,0
15076,0,0,0,-7.05,-7.05,1.25,816.40002,224.36,0,0
15083,0,0,0,-7.05,-7.008,1.25,816.40002,224.36,0,0
15093,0,0,0,-6.378,-7.05,1.25,816.40002,224.36,0,0
15103,0,0,0,-7.05,-6.84,1.25,816.40002,224.36,0,0
15113,0,0,0,-6.924,-7.05,1.25,816.40002,224.36,0,0
15124,0,0,0,-7.008,-6.588,1.25,816.40002,224.36,0,0
15135,0,0,0,-7.05,-7.05,1.25,816.40002,224.36,0,0
15145,0,0,0,-6.084,-6.378,1.25,816.40002,224.36,0,0
15156,0,0,0,-7.05,-7.05,1.25,816.40002,224.36,0,0
15166,0,0,0,-5.454,-6.378,1.25,816.40002,224.36,0,0
15173,0,0,0,-6.798,-7.05,1.25,816.40002,224.36,0,0
15183,0,0,0,-7.05,-6.966,1.25,816.40002,224.36,0,0
15193,0,0,0,-6.798,-7.05,1.25,816.40002,224.36,0,0
15203,0,0,0,-6.546,-6.84,1.25,816.40002,224.36,0,0
15218,0,0,0,-7.05,-7.05,1.25,816.40002,224.36,0,0
15223,0,0,0,-7.008,-7.05,1.25,816.40002,224.36,0,0
15233,0,0,0,-6.378,-7.05,1.25,816.40002,224.36,0,0
15243,0,0,0,-7.05,-7.05,1.25,816.40002,224.36,0,0
15253,0,0,0,-6.252,-7.05,1.25,816.40002,224.36,0,0
15263,0,0,0,-7.05,-6.966,1.25,816.40002,224.36,0,0
15273,0,0,0,-6.756,-7.05,1.25,816.40002,224.36,0,0
15283,0,0,0,-7.05,-6.966,1.25,816.40002,224.36,0,0
15293,0,0,0,-6.294,-7.05,1.25,816.40002,224.36,0,0
15303,0,0,0,-6.924,-6.966,1.25,816.40002,224.36,0,0
15313,0,0,0,-6.462,-7.05,1.25,816.40002,224.36,0,0
15323,0,0,0,-6.966,-6.966,1.25,816.40002,224.36,0,0
15333,0,0,0,-6.588,-7.05,1.25,816.40002,224.36,0,0
15343,0,0,0,-6.924,-7.008,1.25,816.40002,224.36,0,0
15353,0,0,0,-6.588,-7.05,1.25,816.40002,224.36,0,0
15363,0,0,0,-6.714,-7.008,1.25,816.40002,224.36,0,0
15373,0,0,0,-6.378,-7.05,1.25,816.40002,224.36,0,0
15383,0,0,0,-6.882,-7.008,1.25,816.40002,224.36,0,0
15393,0,0,0,-6.378,-7.05,1.25,816.40002,224.36,0,0
15403,0,0,0,-6.546,-7.05,1.25,816.40002,224.36,0,0
15413,0,0,0,-6.21,-7.05,1.25,816.40002,224.36,0,0
15423,0,0,0,-6.588,-6.966,1.25,816.40002,224.36,0,0
15433,0,0,0,-6.252,-7.05,1.25,816.40002,224.36,0,0
15443,0,0,0,-6.546,-6.84,1.25,816.40002,224.36,0,0
15453,0,0,0,-6.378,-7.05,1.25,816.40002,224.36,0,0
15463,0,0,0,-6.84,-6.924,1.25,816.40002,224.36,0,0
15473,0,0,0,-6.294,-7.05,1.25,816.40002,224.36,0,0
15483,0,0,0,-7.05,-6.966,1.25,816.40002,224.36,0,0
15493,0,0,0,-6.378,-7.05,1.25,816.40002,224.36,0,0
15503,0,0,0,-7.05,-6.63,1.25,816.40002,224.36,0,0
15513,0,0,0,-6.378,-7.05,1.25,816.40002,224.36,0,0
15523,0,0,0,-6.924,-6.504,1.25,816.40002,224.36,0,0
15533,0,0,0,-6.672,-7.05,1.25,816.40002,224.36,0,0
15543,0,0,0,-6.756,-6.588,1.25,816.40002,224.36,0,0
15553,0,0,0,-6.42,-7.05,1.25,816.40002,224.36,0,0
15563,0,0,0,-7.05,-6.504,1.25,816.40002,224.36,0,0
15573,0,0,0,-6.672,-7.05,1.25,816.40002,224.36,0,0
15583,0,0,0,-6.84,-6.756,1.25,816.40002,224.36,0,0
15593,0,0,0,-6.63,-7.05,1.25,816.40002,224.36,0,0
15603,0,0,0,-6.378,-6.588,1.25,816.40002,224.36,0,0
15613,0,0,0,-6.462,-7.05,1.25,816.40002,224.36,0,0
15623,0,0,0,-6.84,-6.84,1.25,816.40002,224.36,0,0
15633,0,0,0,-6.378,-7.05,1.25,816.40002,224.36,0,0
15643,0,0,0,-6.924,-6.588,1.25,816.40002,224.36,0,0
15653,0,0,0,-6.714,-7.05,1.25,816.40002,224.36,0,0
15663,0,0,0,-6.882,-6.504,1.25,816.40002,224.36,0,0
15673,0,0,0,-6.378,-7.05,1.25,816.40002,224.36,0,0
15683,0,0,0,-6.756,-6.588,1.25,816.40002,224.36,0,0
15693,0,0,0,-6.504,-7.05,1.25,816.40002,224.36,0,0
15703,0,0,0,-7.008,-6.42,1.25,816.40002,224.36,0,0
15713,0,0,0,-6.798,-7.05,1.25,816.40002,224.36,0,0
15723,0,0,0,-6.924,-6.504,1.25,816.40002,224.36,0,0
15733,0,0,0,-6.588,-7.05,1.25,816.40002,224.36,0,0
15743,0,0,0,-6.756,-6.462,1.25,816.40002,224.36,0,0
15753,0,0,0,-6.63,-7.05,1.25,816.40002,224.36,0,0
15763,0,0,0,-6.924,-6.504,1.25,816.40002,224.36,0,0
15773,0,0,0,-6.378,-7.05,1.25,816.40002,224.36,0,0
15783,0,0,0,-6.84,-6.546,1.25,816.40002,224.36,0,0
15793,0,0,0,-6.252,-7.05,1.25,816.40002,224.36,0,0
15803,0,0,0,-6.63,-6.462,1.25,816.40002,224.36,0,0
15813,0,0,0,-6.378,-7.05,1.25,816.40002,224.36,0,0
15823,0,0,0,-6.924,-6.588,1.25,816.40002,224.36,0,0
15833,0,0,0,-6.672,-7.05,1.25,816.40002,224.36,0,0
15843,0,0,0,-6.462,-6.714,1.25,816.40002,224.36,0,0
15853,0,0,0,-6.294,-7.05,1.25,816.40002,224.36,0,0
15863,0,0,0,-6.798,-6.462,1.25,816.40002,224.36,0,0
15873,0,0,0,-6.252,-7.05,1.25,816.40002,224.36,0,0
15883,0,0,0,-6.63,-6.882,1.25,816.40002,224.36,0,0
15893,0,0,0,-6.588,-7.05,1.25,816.40002,224.36,0,0
15903,0,0,0,-6.63,-6.672,1.25,816.40002,224.36,0,0
15913,0,0,0,-6.672,-7.05,1.25,816.40002,224.36,0,0
15923,0,0,0,-7.05,-6.714,1.25,816.40002,224.36,0,0
15933,0,0,0,-6.504,-7.05,1.25,816.40002,224.36,0,0
15943,0,0,0,-6.84,-6.966,1.25,816.40002,224.36,0,0
15953,0,0,0,-6.756,-7.05,1.25,816.40002,224.36,0,0
15963,0,0,0,-6.756,-6.924,1.25,816.40002,224.36,0,0
15973,0,0,0,-6.546,-7.05,1.22449,690.29999,224.36,0,0
15983,0,0,0,-6.882,-6.42,1.22449,690.29999,224.36,0,0
15993,0,0,0,-6,-7.05,1.22449,690.29999,224.36,0,0
16003,0,0,0,-6,-6.798,1.22449,690.29999,224.36,0,0
16013,0,0,0,-6.336,-7.05,1.22449,690.29999,224.36,0,0
16023,0,0,0,-6.378,-7.008,1.22449,690.29999,224.36,0,0
16033,0,0,0,-6.378,-7.05,1.22449,690.29999,224.36,0,0
16043,0,0,0,-6.798,-6.924,1.22449,690.29999,224.36,0,0
16053,0,0,0,-6.168,-7.05,1.22449,690.29999,224.36,0,0
16063,0,0,0,-6.462,-7.05,1.22449,690.29999,224.36,0,0
16073,0,0,0,-6.378,-7.05,1.22449,690.29999,224.36,0,0
16083,0,0,0,-7.05,-7.05,1.22449,690.29999,224.36,0,0
16093,0,0,0,-7.05,-7.05,1.22449,690.29999,224.36,0,0
16103,0,0,0,-6.714,-7.05,1.22449,690.29999,224.36,0,0
16113,0,0,0,-6.966,-7.05,1.22449,690.29999,224.36,0,0
16123,0,0,0,-6.966,-7.05,1.22449,690.29999,224.36,0,0
16133,0,0,0,-7.05,-7.05,1.22449,690.29999,224.36,0,0
16143,0,0,0,-6.966,-6.756,1.22449,690.29999,224.36,0,0
16153,0,0,0,-6.84,-7.05,1.22449,690.29999,224.36,0,0
16163,0,0,0,-7.05,-6.672,1.22449,690.29999,224.36,0,0
16173,0,0,0,-6.84,-7.05,1.22449,690.29999,224.36,0,0
16183,0,0,0,-6.966,-6.672,1.22449,690.29999,224.36,0,0
16193,0,0,0,-7.05,-7.05,1.22449,690.29999,224.36,0,0
16203,0,0,0,-6.798,-6.588,1.22449,690.29999,224.36,0,0
16213,0,0,0,-6.924,-7.05,1.22449,690.29999,224.36,0,0
16223,0,0,0,-6.798,-6.588,1.22449,690.29999,224.36,0,0
16233,0,0,0,-6.966,-7.05,1.22449,690.29999,224.36,0,0
16243,0,0,0,-6.924,-6.798,1.22449,690.29999,224.36,0,0
16253,0,0,0,-6.882,-7.05,1.22449,690.29999,224.36,0,0
16263,0,0,0,-6.882,-6.672,1.22449,690.29999,224.36,0,0
16273,0,0,0,-6.672,-7.05,1.22449,690.29999,224.36,0,0
16283,0,0,0,-6.84,-6.882,1.22449,690.29999,224.36,0,0
16293,0,0,0,-6.966,-7.05,1.22449,690.29999,224.36,0,0
16303,0,0,0,-7.008,-7.05,1.22449,690.29999,224.36,0,0
16313,0,0,0,-6.966,-7.05,1.22449,690.29999,224.36,0,0
16323,0,0,0,-6.966,-7.05,1.22449,690.29999,224.36,0,0
16333,0,0,0,-6.924,-7.05,1.22449,690.29999,224.36,0,0
16343,0,0,0,-7.05,-7.05,1.22449,690.29999,224.36,0,0
16353,0,0,0,-6.966,-7.05,1.22449,690.29999,224.36,0,0
16363,0,0,0,-6.84,-7.05,1.22449,690.29999,224.36,0,0
16373,0,0,0,-7.05,-7.05,1.22449,690.29999,224.36,0,0
16383,0,0,0,-6.84,-6.966,1.22449,690.29999,224.36,0,0
16393,0,0,0,-6.798,-7.05,1.22449,690.29999,224.36,0,0
16403,0,0,0,-7.008,-7.05,1.22449,690.29999,224.36,0,0
16413,0,0,0,-6.84,-7.05,1.22449,690.29999,224.36,0,0
16423,0,0,0,-6.546,-6.882,1.22449,690.29999,224.36,0,0
16433,0,0,0,-6.84,-7.05,1.22449,690.29999,224.36,0,0
16443,0,0,0,-6.966,-6.798,1.22449,690.29999,224.36,0,0
16453,0,0,0,-6.378,-7.05,1.22449,690.29999,224.36,0,0
16463,0,0,0,-6.714,-7.008,1.22449,690.29999,224.36,0,0
16473,0,0,0,-6.84,-7.05,1.22449,690.29999,224.36,0,0
16483,0,0,0,-6.924,-6.966,1.22449,690.29999,224.36,0,0
16493,0,0,0,-6.378,-7.05,1.22449,690.29999,224.36,0,0
16503,0,0,0,-6.588,-6.84,1.22449,690.29999,224.36,0,0
16513,0,0,0,-6.882,-7.05,1.22449,690.29999,224.36,0,0
16523,0,0,0,-6.798,-6.798,1.22449,690.29999,224.36,0,0
16533,0,0,0,-6.63,-7.05,1.22449,690.29999,224.36,0,0
16543,0,0,0,-6.924,-6.966,1.22449,690.29999,224.36,0,0
16553,0,0,0,-6.924,-7.05,1.22449,690.29999,224.36,0,0
16563,0,0,0,-6.798,-6.924,1.22449,690.29999,224.36,0,0
16573,0,0,0,-7.05,-7.05,1.22449,690.29999,224.36,0,0
16583,0,0,0,-6.63,-6.504,1.22449,690.29999,224.36,0,0
16593,0,0,0,-6.84,-7.05,1.22449,690.29999,224.36,0,0
16603,0,0,0,-6.504,-6.588,1.22449,690.29999,224.36,0,0
16613,0,0,0,-6.63,-7.05,1.22449,690.29999,224.36,0,0
16623,0,0,0,-6.378,-6.672,1.22449,690.29999,224.36,0,0
16633,0,0,0,-6.588,-7.05,1.22449,690.29999,224.36,0,0
16643,0,0,0,-6.378,-6.588,1.22449,690.29999,224.36,0,0
16653,0,0,0,-7.05,-7.05,1.22449,690.29999,224.36,0,0
16663,0,0,0,-6.462,-6.588,1.22449,690.29999,224.36,0,0
16673,0,0,0,-6.924,-7.05,1.22449,690.29999,224.36,0,0
16683,0,0,0,-6.672,-6.588,1.22449,690.29999,224.36,0,0
16693,0,0,0,-6.756,-7.05,1.22449,690.29999,224.36,0,0
16703,0,0,0,-6.63,-6.756,1.22449,690.29999,224.36,0,0
16713,0,0,0,-7.008,-7.05,1.22449,690.29999,224.36,0,0
16723,0,0,0,-7.05,-6.756,1.22449,690.29999,224.36,0,0
16733,0,0,0,-6.966,-7.05,1.22449,690.29999,224.36,0,0
16743,0,0,0,-6.714,-6.63,1.22449,690.29999,224.36,0,0
16753,0,0,0,-7.008,-7.05,1.22449,690.29999,224.36,0,0
16763,0,0,0,-6.588,-6.462,1.22449,690.29999,224.36,0,0
16773,0,0,0,-6.798,-7.05,1.22449,690.29999,224.36,0,0
16783,0,0,0,-6.504,-6.588,1.22449,690.29999,224.36,0,0
16793,0,0,0,-6.756,-7.05,1.22449,690.29999,224.36,0,0
16803,0,0,0,-6.672,-6.588,1.22449,690.29999,224.36,0,0
16813,0,0,0,-7.05,-7.05,1.22449,690.29999,224.36,0,0
16823,0,0,0,-6.84,-6.588,1.22449,690.29999,224.36,0,0
16833,0,0,0,-7.008,-7.05,1.22449,690.29999,224.36,0,0
16843,0,0,0,-6.756,-6.588,1.22449,690.29999,224.36,0,0
16853,0,0,0,-6.84,-7.05,1.22449,690.29999,224.36,0,0
16863,0,0,0,-6.378,-6.462,1.22449,690.29999,224.36,0,0
16873,0,0,0,-6.588,-7.05,1.22449,690.29999,224.36,0,0
16883,0,0,0,-6.378,-6.588,1.22449,690.29999,224.36,0,0
16893,0,0,0,-6.798,-7.05,1.22449,690.29999,224.36,0,0
16903,0,0,0,-6.378,-6.588,1.22449,690.29999,224.36,0,0
16913,0,0,0,-6.798,-7.05,1.22449,690.29999,224.36,0,0
16923,0,0,0,-6.378,-6.462,1.22449,690.29999,224.36,0,0
16933,0,0,0,-6.714,-7.05,1.22449,690.29999,224.36,0,0
16943,0,0,0,-6.504,-6.546,1.22449,690.29999,224.36,0,0
16953,0,0,0,-6.924,-7.05,1.22449,690.29999,224.36,0,0
16963,0,0,0,-6.63,-6.756,1.22449,690.29999,224.36,0,0
16973,0,0,0,-6.63,-7.05,1.27551,691.59998,224.36,0,0
16983,0,0,0,-6.714,-6.336,1.27551,691.59998,224.36,0,0
16993,0,0,0,-7.05,-7.05,1.27551,691.59998,224.36,0,0
17003,0,0,0,-6.462,-6.504,1.27551,691.59998,224.36,0,0
17013,0,0,0,-6.798,-7.05,1.27551,691.59998,224.36,0,0
17023,0,0,0,-6.546,-6.588,1.27551,691.59998,224.36,0,0
17033,0,0,0,-6.798,-7.05,1.27551,691.59998,224.36,0,0
17043,0,0,0,-6.378,-6.63,1.27551,691.59998,224.36,0,0
17053,0,0,0,-6.882,-7.05,1.27551,691.59998,224.36,0,0
17063,0,0,0,-6.84,-6.462,1.27551,691.59998,224.36,0,0
17073,0,0,0,-7.05,-7.05,1.27551,691.59998,224.36,0,0
17083,0,0,0,-6.546,-6.672,1.27551,691.59998,224.36,0,0
17093,0,0,0,-6.672,-7.05,1.27551,691.59998,224.36,0,0
17103,0,0,0,-6.126,-6.588,1.27551,691.59998,224.36,0,0
17113,0,0,0,-6.462,-7.05,1.27551,691.59998,224.36,0,0
17123,0,0,0,-6.924,-6.462,1.27551,691.59998,224.36,0,0
17133,0,0,0,-7.05,-7.05,1.27551,691.59998,224.36,0,0
17143,0,0,0,-6.546,-6.42,1.27551,691.59998,224.36,0,0
17153,0,0,0,-7.05,-7.05,1.27551,691.59998,224.36,0,0
17163,0,0,0,-6.63,-6.672,1.27551,691.59998,224.36,0,0
17173,0,0,0,-6.672,-7.05,1.27551,691.59998,224.36,0,0
17183,0,0,0,-6.378,-6.504,1.27551,691.59998,224.36,0,0
17193,0,0,0,-7.05,-7.05,1.27551,691.59998,224.36,0,0
17203,0,0,0,-6.462,-6.504,1.27551,691.59998,224.36,0,0
17213,0,0,0,-7.05,-7.05,1.27551,691.59998,224.36,0,0
17223,0,0,0,-6.882,-6.672,1.27551,691.59998,224.36,0,0
17233,0,0,0,-7.05,-7.05,1.27551,691.59998,224.36,0,0
17243,0,0,0,-6.462,-6.546,1.27551,691.59998,224.36,0,0
17253,0,0,0,-6.924,-7.05,1.27551,691.59998,224.36,0,0
17263,0,0,0,-6.378,-6.588,1.27551,691.59998,224.36,0,0
17273,0,0,0,-6.798,-7.05,1.27551,691.59998,224.36,0,0
17283,0,0,0,-6.378,-6.588,1.27551,691.59998,224.36,0,0
17293,0,0,0,-7.05,-7.05,1.27551,691.59998,224.36,0,0
17303,0,0,0,-6.378,-6.462,1.27551,691.59998,224.36,0,0
17313,0,0,0,-7.008,-7.05,1.27551,691.59998,224.36,0,0
17323,0,0,0,-6.336,-6.42,1.27551,691.59998,224.36,0,0
17333,0,0,0,-6.672,-7.05,1.27551,691.59998,224.36,0,0
17343,0,0,0,-6.672,-6.462,1.27551,691.59998,224.36,0,0
17353,0,0,0,-7.05,-7.05,1.27551,691.59998,224.36,0,0
17363,0,0,0,-6.84,-6.798,1.27551,691.59998,224.36,0,0
17373,0,0,0,-7.05,-7.05,1.27551,691.59998,224.36,0,0
17383,0,0,0,-6.588,-6.84,1.27551,691.59998,224.36,0,0
17393,0,0,0,-7.05,-7.05,1.27551,691.59998,224.36,0,0
17403,0,0,0,-6.504,-6.504,1.27551,691.59998,224.36,0,0
17413,0,0,0,-7.05,-7.05,1.27551,691.59998,224.36,0,0
17423,0,0,0,-6.42,-6.63,1.27551,691.59998,224.36,0,0
17433,0,0,0,-6.966,-7.05,1.27551,691.59998,224.36,0,0
17443,0,0,0,-6.252,-6.378,1.27551,691.59998,224.36,0,0
17453,0,0,0,-6.63,-7.05,1.27551,691.59998,224.36,0,0
17463,0,0,0,-6.336,-6.504,1.27551,691.59998,224.36,0,0
17474,0,0,0,-7.05,-7.05,1.27551,691.59998,224.36,0,0
17486,0,0,0,-5.034,-5.79,1.27551,691.59998,224.36,0,0
17496,0,0,0,-7.05,-7.05,1.27551,691.59998,224.36,0,0
17503,0,0,0,-6.756,-6.378,1.27551,691.59998,224.36,0,0
17513,0,0,0,-7.05,-7.05,1.27551,691.59998,224.36,0,0
17523,0,0,0,-6.378,-6.462,1.27551,691.59998,224.36,0,0
17534,0,0,0,-7.05,-7.05,1.27551,691.59998,224.36,0,0
17544,0,0,0,-5.748,-6,1.27551,691.59998,224.36,0,0
17555,0,0,0,-7.05,-7.05,1.27551,691.59998,224.36,0,0
17566,0,0,0,-5.034,-6.042,1.27551,691.59998,224.36,0,0
17576,0,0,0,-7.05,-7.05,1.27551,691.59998,224.36,0,0
17583,0,0,0,-6.924,-6.504,1.27551,691.59998,224.36,0,0
17593,0,0,0,-7.008,-7.05,1.27551,691.59998,224.36,0,0
17603,0,0,0,-6.378,-6.714,1.27551,691.59998,224.36,0,0
17613,0,0,0,-7.05,-7.05,1.27551,691.59998,224.36,0,0
17624,0,0,0,-5.706,-6.168,1.27551,691.59998,224.36,0,0
17635,0,0,0,-7.05,-7.05,1.27551,691.59998,224.36,0,0
17645,0,0,0,-6.042,-6.084,1.27551,691.59998,224.36,0,0
17656,0,0,0,-7.05,-7.05,1.27551,691.59998,224.36,0,0
17666,0,0,0,-4.656,-6,1.27551,691.59998,224.36,0,0
17673,0,0,0,-7.05,-7.05,1.27551,691.59998,224.36,0,0
17683,0,0,0,-6.672,-6.378,1.27551,691.59998,224.36,0,0
17694,0,0,0,-7.05,-7.05,1.27551,691.59998,224.36,0,0
17705,0,0,0,-5.538,-6.168,1.27551,691.59998,224.36,0,0
17713,0,0,0,-7.05,-7.05,1.27551,691.59998,224.36,0,0
17723,0,0,0,-6.042,-6.546,1.27551,691.59998,224.36,0,0
17733,0,0,0,-6.966,-7.05,1.27551,691.59998,224.36,0,0
17743,0,0,0,-6.378,-6.588,1.27551,691.59998,224.36,0,0
17753,0,0,0,-7.008,-7.05,1.27551,691.59998,224.36,0,0
17763,0,0,0,-6.378,-6.588,1.27551,691.59998,224.36,0,0
17773,0,0,0,-7.05,-7.05,1.27551,691.59998,224.36,0,0
17783,0,0,0,-6.294,-6.378,1.27551,691.59998,224.36,0,0
17793,0,0,0,-7.05,-7.05,1.27551,691.59998,224.36,0,0
17803,0,0,0,-6.294,-6.462,1.27551,691.59998,224.36,0,0
17813,0,0,0,-7.05,-7.05,1.27551,691.59998,224.36,0,0
17823,0,0,0,-6.378,-6.588,1.27551,691.59998,224.36,0,0
17833,0,0,0,-7.05,-7.05,1.27551,691.59998,224.36,0,0
17843,0,0,0,-6.378,-6.63,1.27551,691.59998,224.36,0,0
17853,0,0,0,-7.05,-7.05,1.27551,691.59998,224.36,0,0
17863,0,0,0,-6.294,-6.546,1.27551,691.59998,224.36,0,0
17873,0,0,0,-7.05,-7.05,1.27551,691.59998,224.36,0,0
17883,0,0,0,-6.378,-6.378,1.27551,691.59998,224.36,0,0
17893,0,0,0,-7.05,-7.05,1.27551,691.59998,224.36,0,0
17903,0,0,0,-6.252,-6.588,1.27551,691.59998,224.36,0,0
17913,0,0,0,-7.05,-7.05,1.27551,691.59998,224.36,0,0
17923,0,0,0,-6.42,-6.42,1.27551,691.59998,224.36,0,0
17933,0,0,0,-7.05,-7.05,1.27551,691.59998,224.36,0,0
17943,0,0,0,-6.378,-6.42,1.27551,691.59998,224.36,0,0
17953,0,0,0,-6.798,-7.05,1.27551,691.59998,224.36,0,0
17963,0,0,0,-6.504,-6.756,1.27551,691.59998,224.36,0,0
17973,0,0,0,-7.05,-7.05,1.30102,829.40002,224.36,0,0
17983,0,0,0,-6.294,-6.168,1.30102,829.40002,224.36,0,0
17993,0,0,0,-7.05,-7.05,1.30102,829.40002,224.36,0,0
18003,0,0,0,-6.252,-6.504,1.30102,829.40002,224.36,0,0
18013,0,0,0,-7.05,-7.05,1.30102,829.40002,224.36,0,0
18023,0,0,0,-5.706,-6.378,1.30102,829.40002,224.36,0,0
18033,0,0,0,-6.924,-7.05,1.30102,829.40002,224.36,0,0
18043,0,0,0,-5.832,-6.672,1.30102,829.40002,224.36,0,0
18053,0,0,0,-7.05,-7.05,1.30102,829.40002,224.36,0,0
18063,0,0,0,-6.294,-6.378,1.30102,829.40002,224.36,0,0
18073,0,0,0,-7.05,-7.05,1.30102,829.40002,224.36,0,0
18083,0,0,0,-6.378,-6.378,1.30102,829.40002,224.36,0,0
18093,0,0,0,-7.05,-7.05,1.30102,829.40002,224.36,0,0
18103,0,0,0,-6.378,-6.462,1.30102,829.40002,224.36,0,0
18113,0,0,0,-7.05,-7.05,1.30102,829.40002,224.36,0,0
18123,0,0,0,-6.378,-6.924,1.30102,829.40002,224.36,0,0
18133,0,0,0,-6.966,-7.05,1.30102,829.40002,224.36,0,0
18143,0,0,0,-6.378,-6.798,1.30102,829.40002,224.36,0,0
18153,0,0,0,-7.05,-7.05,1.30102,829.40002,224.36,0,0
18163,0,0,0,-5.79,-6.756,1.30102,829.40002,224.36,0,0
18173,0,0,0,-7.05,-7.05,1.30102,829.40002,224.36,0,0
18183,0,0,0,-6.378,-6.924,1.30102,829.40002,224.36,0,0
18193,0,0,0,-7.05,-7.05,1.30102,829.40002,224.36,0,0
18203,0,0,0,-6.378,-6.714,1.30102,829.40002,224.36,0,0
18213,0,0,0,-7.05,-7.05,1.30102,829.40002,224.36,0,0
18223,0,0,0,-6.378,-6.756,1.30102,829.40002,224.36,0,0
18233,0,0,0,-7.05,-7.05,1.30102,829.40002,224.36,0,0
18243,0,0,0,-6.294,-6.378,1.30102,829.40002,224.36,0,0
18253,0,0,0,-7.05,-7.05,1.30102,829.40002,224.36,0,0
18263,0,0,0,-6.378,-6.504,1.30102,829.40002,224.36,0,0
18273,0,0,0,-7.05,-7.05,1.30102,829.40002,224.36,0,0
18283,0,0,0,-6.42,-6.63,1.30102,829.40002,224.36,0,0
18293,0,0,0,-7.05,-7.05,1.30102,829.40002,224.36,0,0
18303,0,0,0,-6.084,-6.462,1.30102,829.40002,224.36,0,0
18313,0,0,0,-7.05,-7.05,1.30102,829.40002,224.36,0,0
18323,0,0,0,-5.874,-6.378,1.30102,829.40002,224.36,0,0
18333,0,0,0,-7.05,-7.05,1.30102,829.40002,224.36,0,0
18343,0,0,0,-6.084,-6.378,1.30102,829.40002,224.36,0,0
18353,0,0,0,-7.05,-7.05,1.30102,829.40002,224.36,0,0
18363,0,0,0,-6.42,-6.378,1.30102,829.40002,224.36,0,0
18373,0,0,0,-7.05,-7.05,1.30102,829.40002,224.36,0,0
18383,0,0,0,-6,-6.378,1.30102,829.40002,224.36,0,0
18393,0,0,0,-7.05,-7.05,1.30102,829.40002,224.36,0,0
18403,0,0,0,-5.664,-6.378,1.30102,829.40002,224.36,0,0
18413,0,0,0,-7.05,-7.05,1.30102,829.40002,224.36,0,0
18423,0,0,0,-6.042,-6.462,1.30102,829.40002,224.36,0,0
18433,0,0,0,-7.05,-7.05,1.30102,829.40002,224.36,0,0
18443,0,0,0,-5.832,-6.252,1.30102,829.40002,224.36,0,0
18453,0,0,0,-7.05,-7.05,1.30102,829.40002,224.36,0,0
18463,0,0,0,-5.664,-6.378,1.30102,829.40002,224.36,0,0
18473,0,0,0,-7.05,-7.05,1.30102,829.40002,224.36,0,0
18483,0,0,0,-6.378,-6.504,1.30102,829.40002,224.36,0,0
18493,0,0,0,-7.05,-7.05,1.30102,829.40002,224.36,0,0
18503,0,0,0,-5.748,-6.546,1.30102,829.40002,224.36,0,0
18513,0,0,0,-7.05,-7.05,1.30102,829.40002,224.36,0,0
18523,0,0,0,-5.706,-6.42,1.30102,829.40002,224.36,0,0
18533,0,0,0,-7.05,-7.05,1.30102,829.40002,224.36,0,0
18543,0,0,0,-5.958,-6.378,1.30102,829.40002,224.36,0,0
18553,0,0,0,-7.05,-7.05,1.30102,829.40002,224.36,0,0
18563,0,0,0,-5.916,-6.378,1.30102,829.40002,224.36,0,0
18573,0,0,0,-7.05,-7.05,1.30102,829.40002,224.36,0,0
18583,0,0,0,-6,-6.588,1.30102,829.40002,224.36,0,0
18593,0,0,0,-7.05,-7.05,1.30102,829.40002,224.36,0,0
18603,0,0,0,-5.706,-6.42,1.30102,829.40002,224.36,0,0
18613,0,0,0,-7.05,-7.05,1.30102,829.40002,224.36,0,0
18623,0,0,0,-6,-6.42,1.30102,829.40002,224.36,0,0
18633,0,0,0,-6.882,-7.05,1.30102,829.40002,224.36,0,0
18643,0,0,0,-5.202,-6.378,1.30102,829.40002,224.36,0,0
18653,0,0,0,-7.05,-7.05,1.30102,829.40002,224.36,0,0
18663,0,0,0,-5.748,-6.378,1.30102,829.40002,224.36,0,0
18673,0,0,0,-7.05,-7.05,1.30102,829.40002,224.36,0,0
18683,0,0,0,-6.378,-6.378,1.30102,829.40002,224.36,0,0
18693,0,0,0,-7.05,-7.05,1.30102,829.40002,224.36,0,0
18703,0,0,0,-6.126,-6.588,1.30102,829.40002,224.36,0,0
18713,0,0,0,-7.05,-7.05,1.30102,829.40002,224.36,0,0
18723,0,0,0,-6.126,-6.378,1.30102,829.40002,224.36,0,0
18733,0,0,0,-7.05,-7.05,1.30102,829.40002,224.36,0,0
18743,0,0,0,-6.168,-6.378,1.30102,829.40002,224.36,0,0
18753,0,0,0,-7.05,-7.05,1.30102,829.40002,224.36,0,0
18763,0,0,0,-6.378,-6.378,1.30102,829.40002,224.36,0,0
18773,0,0,0,-7.05,-7.05,1.30102,829.40002,224.36,0,0
18783,0,0,0,-6.252,-6.756,1.30102,829.40002,224.36,0,0
18793,0,0,0,-7.05,-7.05,1.30102,829.40002,224.36,0,0
18803,0,0,0,-6.378,-6.378,1.30102,829.40002,224.36,0,0
18813,0,0,0,-7.05,-7.05,1.30102,829.40002,224.36,0,0
18823,0,0,0,-6.168,-6.378,1.30102,829.40002,224.36,0,0
18833,0,0,0,-7.05,-7.05,1.30102,829.40002,224.36,0,0
18843,0,0,0,-5.958,-6.378,1.30102,829.40002,224.36,0,0
18853,0,0,0,-7.05,-7.05,1.30102,829.40002,224.36,0,0
18863,0,0,0,-5.958,-6.546,1.30102,829.40002,224.36,0,0
18873,0,0,0,-7.05,-7.05,1.30102,829.40002,224.36,0,0
18883,0,0,0,-6.084,-6.504,1.30102,829.40002,224.36,0,0
18893,0,0,0,-7.05,-7.05,1.30102,829.40002,224.36,0,0
18903,0,0,0,-5.958,-6.378,1.30102,829.40002,224.36,0,0
18913,0,0,0,-7.05,-7.05,1.30102,829.40002,224.36,0,0
18923,0,0,0,-5.958,-6.378,1.30102,829.40002,224.36,0,0
18933,0,0,0,-7.05,-7.05,1.30102,829.40002,224.36,0,0
18943,0,0,0,-6.21,-6.378,1.30102,829.40002,224.36,0,0
18953,0,0,0,-7.05,-7.05,1.30102,829.40002,224.36,0,0
18963,0,0,0,-5.706,-6.378,1.30102,829.40002,224.36,0,0
18973,0,0,0,-7.05,-7.05,1.29252,830.70001,224.36,0,0
18983,0,0,0,-5.874,-6.252,1.29252,830.70001,224.36,0,0
18993,0,0,0,-7.05,-7.05,1.29252,830.70001,224.36,0,0
19003,0,0,0,-5.832,-6.378,1.29252,830.70001,224.36,0,0
19013,0,0,0,-7.05,-7.05,1.29252,830.70001,224.36,0,0
19023,0,0,0,-6.084,-6.378,1.29252,830.70001,224.36,0,0
19033,0,0,0,-7.05,-7.05,1.29252,830.70001,224.36,0,0
19043,0,0,0,-5.832,-6.378,1.29252,830.70001,224.36,0,0
19053,0,0,0,-7.05,-7.05,1.29252,830.70001,224.36,0,0
19063,0,0,0,-5.664,-6.378,1.29252,830.70001,224.36,0,0
19073,0,0,0,-7.05,-7.05,1.29252,830.70001,224.36,0,0
19083,0,0,0,-5.664,-6.378,1.29252,830.70001,224.36,0,0
19093,0,0,0,-7.05,-7.05,1.29252,830.70001,224.36,0,0
19103,0,0,0,-6,-6.378,1.29252,830.70001,224.36,0,0
19113,0,0,0,-7.05,-7.05,1.29252,830.70001,224.36,0,0
19123,0,0,0,-5.916,-6.294,1.29252,830.70001,224.36,0,0
19133,0,0,0,-7.05,-7.05,1.29252,830.70001,224.36,0,0
19143,0,0,0,-5.832,-6.378,1.29252,830.70001,224.36,0,0
19153,0,0,0,-7.05,-7.05,1.29252,830.70001,224.36,0,0
19163,0,0,0,-5.706,-6.336,1.29252,830.70001,224.36,0,0
19173,0,0,0,-7.05,-7.05,1.29252,830.70001,224.36,0,0
19183,0,0,0,-5.916,-6.336,1.29252,830.70001,224.36,0,0
19193,0,0,0,-7.05,-7.05,1.29252,830.70001,224.36,0,0
19203,0,0,0,-6,-6.294,1.29252,830.70001,224.36,0,0
19213,0,0,0,-7.05,-7.05,1.29252,830.70001,224.36,0,0
19223,0,0,0,-6,-6.378,1.29252,830.70001,224.36,0,0
19233,0,0,0,-7.05,-7.05,1.29252,830.70001,224.36,0,0
19243,0,0,0,-5.622,-6.798,1.29252,830.70001,224.36,0,0
19253,0,0,0,-7.05,-7.05,1.29252,830.70001,224.36,0,0
19263,0,0,0,-5.706,-6.588,1.29252,830.70001,224.36,0,0
19273,0,0,0,-7.05,-7.05,1.29252,830.70001,224.36,0,0
19283,0,0,0,-6.252,-6.63,1.29252,830.70001,224.36,0,0
19293,0,0,0,-7.05,-7.05,1.29252,830.70001,224.36,0,0
19303,0,0,0,-5.79,-6.63,1.29252,830.70001,224.36,0,0
19313,0,0,0,-7.05,-7.05,1.29252,830.70001,224.36,0,0
19323,0,0,0,-5.496,-6.504,1.29252,830.70001,224.36,0,0
19333,0,0,0,-7.05,-7.05,1.29252,830.70001,224.36,0,0
19343,0,0,0,-5.706,-6.504,1.29252,830.70001,224.36,0,0
19353,0,0,0,-7.05,-7.05,1.29252,830.70001,224.36,0,0
19363,0,0,0,-5.328,-6.546,1.29252,830.70001,224.36,0,0
19373,0,0,0,-7.05,-7.05,1.29252,830.70001,224.36,0,0
19383,0,0,0,-5.454,-6.63,1.29252,830.70001,224.36,0,0
19393,0,0,0,-7.05,-7.05,1.29252,830.70001,224.36,0,0
19403,0,0,0,-5.244,-6.504,1.29252,830.70001,224.36,0,0
19413,0,0,0,-7.05,-7.05,1.29252,830.70001,224.36,0,0
19423,0,0,0,-5.79,-6.588,1.29252,830.70001,224.36,0,0
19433,0,0,0,-7.05,-7.05,1.29252,830.70001,224.36,0,0
19443,0,0,0,-5.496,-6.504,1.29252,830.70001,224.36,0,0
19453,0,0,0,-7.05,-7.05,1.29252,830.70001,224.36,0,0
19463,0,0,0,-5.664,-6.546,1.29252,830.70001,224.36,0,0
19473,0,0,0,-7.05,-7.05,1.29252,830.70001,224.36,0,0
19483,0,0,0,-5.454,-6.462,1.29252,830.70001,224.36,0,0
19493,0,0,0,-7.05,-7.05,1.29252,830.70001,224.36,0,0
19503,0,0,0,-5.58,-6.63,1.29252,830.70001,224.36,0,0
19513,0,0,0,-7.05,-7.05,1.29252,830.70001,224.36,0,0
19523,0,0,0,-5.412,-6.672,1.29252,830.70001,224.36,0,0
19533,0,0,0,-7.05,-7.05,1.29252,830.70001,224.36,0,0
19543,0,0,0,-5.454,-6.588,1.29252,830.70001,224.36,0,0
19553,0,0,0,-7.05,-7.05,1.29252,830.70001,224.36,0,0
19563,0,0,0,-5.916,-6.63,1.29252,830.70001,224.36,0,0
19573,0,0,0,-7.05,-7.05,1.29252,830.70001,224.36,0,0
19583,0,0,0,-5.916,-6.546,1.29252,830.70001,224.36,0,0
19593,0,0,0,-7.05,-7.05,1.29252,830.70001,224.36,0,0
19603,0,0,0,-5.706,-6.588,1.29252,830.70001,224.36,0,0
19613,0,0,0,-7.05,-7.05,1.29252,830.70001,224.36,0,0
19623,0,0,0,-5.79,-6.588,1.29252,830.70001,224.36,0,0
19633,0,0,0,-7.05,-7.05,1.29252,830.70001,224.36,0,0
19643,0,0,0,-5.664,-6.588,1.29252,830.70001,224.36,0,0
19653,0,0,0,-7.05,-7.05,1.29252,830.70001,224.36,0,0
19663,0,0,0,-5.622,-6.63,1.29252,830.70001,224.36,0,0
19673,0,0,0,-7.05,-7.05,1.29252,830.70001,224.36,0,0
19683,0,0,0,-5.622,-6.588,1.29252,830.70001,224.36,0,0
19693,0,0,0,-7.05,-7.05,1.29252,830.70001,224.36,0,0
19703,0,0,0,-5.748,-6.42,1.29252,830.70001,224.36,0,0
19713,0,0,0,-7.05,-7.05,1.29252,830.70001,224.36,0,0
19723,0,0,0,-5.622,-6.462,1.29252,830.70001,224.36,0,0
19733,0,0,0,-7.05,-7.05,1.29252,830.70001,224.36,0,0
19743,0,0,0,-5.706,-6.378,1.29252,830.70001,224.36,0,0
19753,0,0,0,-7.05,-7.05,1.29252,830.70001,224.36,0,0
19763,0,0,0,-5.706,-6.462,1.29252,830.70001,224.36,0,0
19773,0,0,0,-7.05,-7.05,1.29252,830.70001,224.36,0,0
19783,0,0,0,-5.832,-6.462,1.29252,830.70001,224.36,0,0
19793,0,0,0,-7.05,-7.05,1.29252,830.70001,224.36,0,0
19803,0,0,0,-6,-6.336,1.29252,830.70001,224.36,0,0
19813,0,0,0,-7.05,-7.05,1.29252,830.70001,224.36,0,0
19823,0,0,0,-5.832,-6.378,1.29252,830.70001,224.36,0,0
19833,0,0,0,-7.05,-7.05,1.29252,830.70001,224.36,0,0
19843,0,0,0,-5.664,-6.126,1.29252,830.70001,224.36,0,0
19853,0,0,0,-7.05,-7.05,1.29252,830.70001,224.36,0,0
19863,0,0,0,-5.664,-6.378,1.29252,830.70001,224.36,0,0
19873,0,0,0,-7.05,-7.05,1.29252,830.70001,224.36,0,0
19883,0,0,0,-5.58,-6.336,1.29252,830.70001,224.36,0,0
19893,0,0,0,-7.05,-7.05,1.29252,830.70001,224.36,0,0
19903,0,0,0,-5.454,-6.252,1.29252,830.70001,224.36,0,0
19913,0,0,0,-7.05,-7.05,1.29252,830.70001,224.36,0,0
19923,0,0,0,-5.664,-6.378,1.29252,830.70001,224.36,0,0
19933,0,0,0,-7.05,-7.05,1.29252,830.70001,224.36,0,0
19943,0,0,0,-5.664,-6.294,1.29252,830.70001,224.36,0,0
19953,0,0,0,-7.05,-7.05,1.29252,830.70001,224.36,0,0